method,seed,metric,mean,ci95,groups
conformal_shift_guard_selector,0,success_rate,0.60608724,0.00652090,640
conformal_shift_guard_selector,0,utility,0.43402040,0.00805303,640
conformal_shift_guard_selector,0,causal_mechanism_recall,0.60164487,0.00083372,640
conformal_shift_guard_selector,0,spurious_dependence_rate,0.20368207,0.00162892,640
conformal_shift_guard_selector,0,tail_failure_rate,0.08886484,0.00067678,640
conformal_shift_guard_selector,0,damage_rate,0.05561359,0.00038333,640
conformal_shift_guard_selector,0,selection_cost,0.23753354,0.00051330,640
conformal_shift_guard_selector,0,regret,0.19270039,0.00091932,640
conformal_shift_guard_selector,1,success_rate,0.60841471,0.00621144,640
conformal_shift_guard_selector,1,utility,0.43662325,0.00773081,640
conformal_shift_guard_selector,1,causal_mechanism_recall,0.60166840,0.00085286,640
conformal_shift_guard_selector,1,spurious_dependence_rate,0.20360168,0.00162705,640
conformal_shift_guard_selector,1,tail_failure_rate,0.08873487,0.00067074,640
conformal_shift_guard_selector,1,damage_rate,0.05551336,0.00038156,640
conformal_shift_guard_selector,1,selection_cost,0.23763903,0.00050993,640
conformal_shift_guard_selector,1,regret,0.19244117,0.00087659,640
conformal_shift_guard_selector,2,success_rate,0.60395508,0.00622948,640
conformal_shift_guard_selector,2,utility,0.43185859,0.00778167,640
conformal_shift_guard_selector,2,causal_mechanism_recall,0.60188890,0.00085568,640
conformal_shift_guard_selector,2,spurious_dependence_rate,0.20354005,0.00162843,640
conformal_shift_guard_selector,2,tail_failure_rate,0.08880923,0.00067145,640
conformal_shift_guard_selector,2,damage_rate,0.05567296,0.00038439,640
conformal_shift_guard_selector,2,selection_cost,0.23775703,0.00050755,640
conformal_shift_guard_selector,2,regret,0.19307980,0.00088858,640
conformal_shift_guard_selector,3,success_rate,0.61036784,0.00636235,640
conformal_shift_guard_selector,3,utility,0.43863300,0.00790805,640
conformal_shift_guard_selector,3,causal_mechanism_recall,0.60191242,0.00086130,640
conformal_shift_guard_selector,3,spurious_dependence_rate,0.20364725,0.00162656,640
conformal_shift_guard_selector,3,tail_failure_rate,0.08858885,0.00066343,640
conformal_shift_guard_selector,3,damage_rate,0.05562221,0.00039049,640
conformal_shift_guard_selector,3,selection_cost,0.23787503,0.00050670,640
conformal_shift_guard_selector,3,regret,0.19222394,0.00090364,640
conformal_shift_guard_selector,4,success_rate,0.60807292,0.00624004,640
conformal_shift_guard_selector,4,utility,0.43615983,0.00780529,640
conformal_shift_guard_selector,4,causal_mechanism_recall,0.60180463,0.00083922,640
conformal_shift_guard_selector,4,spurious_dependence_rate,0.20373570,0.00162204,640
conformal_shift_guard_selector,4,tail_failure_rate,0.08864149,0.00066438,640
conformal_shift_guard_selector,4,damage_rate,0.05566921,0.00038253,640
conformal_shift_guard_selector,4,selection_cost,0.23778042,0.00050770,640
conformal_shift_guard_selector,4,regret,0.19237125,0.00088354,640
conformal_shift_guard_selector,5,success_rate,0.60574544,0.00648737,640
conformal_shift_guard_selector,5,utility,0.43372045,0.00807579,640
conformal_shift_guard_selector,5,causal_mechanism_recall,0.60171873,0.00084022,640
conformal_shift_guard_selector,5,spurious_dependence_rate,0.20380538,0.00160607,640
conformal_shift_guard_selector,5,tail_failure_rate,0.08869439,0.00066705,640
conformal_shift_guard_selector,5,damage_rate,0.05561642,0.00038687,640
conformal_shift_guard_selector,5,selection_cost,0.23778587,0.00050322,640
conformal_shift_guard_selector,5,regret,0.19258330,0.00092084,640
conformal_shift_guard_selector,6,success_rate,0.60341797,0.00638813,640
conformal_shift_guard_selector,6,utility,0.43135231,0.00791878,640
conformal_shift_guard_selector,6,causal_mechanism_recall,0.60174226,0.00083853,640
conformal_shift_guard_selector,6,spurious_dependence_rate,0.20378127,0.00160360,640
conformal_shift_guard_selector,6,tail_failure_rate,0.08860616,0.00065707,640
conformal_shift_guard_selector,6,damage_rate,0.05560350,0.00038450,640
conformal_shift_guard_selector,6,selection_cost,0.23786635,0.00051186,640
conformal_shift_guard_selector,6,regret,0.19299715,0.00090094,640
conformal_shift_guard_selector,7,success_rate,0.61007487,0.00608449,640
conformal_shift_guard_selector,7,utility,0.43838212,0.00761448,640
conformal_shift_guard_selector,7,causal_mechanism_recall,0.60183144,0.00083951,640
conformal_shift_guard_selector,7,spurious_dependence_rate,0.20381343,0.00160302,640
conformal_shift_guard_selector,7,tail_failure_rate,0.08851317,0.00066432,640
conformal_shift_guard_selector,7,damage_rate,0.05552964,0.00038269,640
conformal_shift_guard_selector,7,selection_cost,0.23784678,0.00052442,640
conformal_shift_guard_selector,7,regret,0.19209800,0.00086828,640
conformal_shift_guard_selector,8,success_rate,0.60576172,0.00621393,640
conformal_shift_guard_selector,8,utility,0.43363239,0.00776023,640
conformal_shift_guard_selector,8,causal_mechanism_recall,0.60161422,0.00082517,640
conformal_shift_guard_selector,8,spurious_dependence_rate,0.20382684,0.00160425,640
conformal_shift_guard_selector,8,tail_failure_rate,0.08876108,0.00067169,640
conformal_shift_guard_selector,8,damage_rate,0.05562333,0.00038090,640
conformal_shift_guard_selector,8,selection_cost,0.23777719,0.00052113,640
conformal_shift_guard_selector,8,regret,0.19275034,0.00086379,640
conformal_shift_guard_selector,9,success_rate,0.60432943,0.00627034,640
conformal_shift_guard_selector,9,utility,0.43202528,0.00778692,640
conformal_shift_guard_selector,9,causal_mechanism_recall,0.60165964,0.00081228,640
conformal_shift_guard_selector,9,spurious_dependence_rate,0.20380273,0.00160842,640
conformal_shift_guard_selector,9,tail_failure_rate,0.08885860,0.00067165,640
conformal_shift_guard_selector,9,damage_rate,0.05566797,0.00037310,640
conformal_shift_guard_selector,9,selection_cost,0.23780764,0.00051845,640
conformal_shift_guard_selector,9,regret,0.19306703,0.00087682,640
counterfactual_pair_selector,0,success_rate,0.62423503,0.00620150,640
counterfactual_pair_selector,0,utility,0.44583511,0.00777829,640
counterfactual_pair_selector,0,causal_mechanism_recall,0.62496381,0.00082613,640
counterfactual_pair_selector,0,spurious_dependence_rate,0.21004011,0.00165254,640
counterfactual_pair_selector,0,tail_failure_rate,0.10241379,0.00067108,640
counterfactual_pair_selector,0,damage_rate,0.06321889,0.00037865,640
counterfactual_pair_selector,0,selection_cost,0.22101554,0.00051250,640
counterfactual_pair_selector,0,regret,0.17469676,0.00088930,640
counterfactual_pair_selector,1,success_rate,0.62591146,0.00641681,640
counterfactual_pair_selector,1,utility,0.44753879,0.00801777,640
counterfactual_pair_selector,1,causal_mechanism_recall,0.62488579,0.00082575,640
counterfactual_pair_selector,1,spurious_dependence_rate,0.21009779,0.00164116,640
counterfactual_pair_selector,1,tail_failure_rate,0.10226309,0.00067969,640
counterfactual_pair_selector,1,damage_rate,0.06326119,0.00038601,640
counterfactual_pair_selector,1,selection_cost,0.22111304,0.00051668,640
counterfactual_pair_selector,1,regret,0.17459286,0.00091036,640
counterfactual_pair_selector,2,success_rate,0.62167969,0.00610254,640
counterfactual_pair_selector,2,utility,0.44284952,0.00762995,640
counterfactual_pair_selector,2,causal_mechanism_recall,0.62472023,0.00083565,640
counterfactual_pair_selector,2,spurious_dependence_rate,0.21013671,0.00162725,640
counterfactual_pair_selector,2,tail_failure_rate,0.10247651,0.00067034,640
counterfactual_pair_selector,2,damage_rate,0.06338133,0.00037818,640
counterfactual_pair_selector,2,selection_cost,0.22131058,0.00051149,640
counterfactual_pair_selector,2,regret,0.17501923,0.00086296,640
counterfactual_pair_selector,3,success_rate,0.62384440,0.00628473,640
counterfactual_pair_selector,3,utility,0.44516418,0.00783031,640
counterfactual_pair_selector,3,causal_mechanism_recall,0.62475164,0.00084373,640
counterfactual_pair_selector,3,spurious_dependence_rate,0.21025068,0.00161618,640
counterfactual_pair_selector,3,tail_failure_rate,0.10240083,0.00067875,640
counterfactual_pair_selector,3,damage_rate,0.06328279,0.00038040,640
counterfactual_pair_selector,3,selection_cost,0.22119547,0.00050637,640
counterfactual_pair_selector,3,regret,0.17482813,0.00088901,640
counterfactual_pair_selector,4,success_rate,0.62721354,0.00616090,640
counterfactual_pair_selector,4,utility,0.44856149,0.00769068,640
counterfactual_pair_selector,4,causal_mechanism_recall,0.62456419,0.00083507,640
counterfactual_pair_selector,4,spurious_dependence_rate,0.21036464,0.00162435,640
counterfactual_pair_selector,4,tail_failure_rate,0.10237657,0.00067583,640
counterfactual_pair_selector,4,damage_rate,0.06330322,0.00038075,640
counterfactual_pair_selector,4,selection_cost,0.22108035,0.00050389,640
counterfactual_pair_selector,4,regret,0.17445744,0.00087426,640
counterfactual_pair_selector,5,success_rate,0.62311198,0.00630641,640
counterfactual_pair_selector,5,utility,0.44438967,0.00785721,640
counterfactual_pair_selector,5,causal_mechanism_recall,0.62461749,0.00082398,640
counterfactual_pair_selector,5,spurious_dependence_rate,0.21017845,0.00163807,640
counterfactual_pair_selector,5,tail_failure_rate,0.10243996,0.00067824,640
counterfactual_pair_selector,5,damage_rate,0.06332041,0.00038365,640
counterfactual_pair_selector,5,selection_cost,0.22105279,0.00051362,640
counterfactual_pair_selector,5,regret,0.17496536,0.00089878,640
counterfactual_pair_selector,6,success_rate,0.62836914,0.00629453,640
counterfactual_pair_selector,6,utility,0.44993386,0.00787144,640
counterfactual_pair_selector,6,causal_mechanism_recall,0.62438627,0.00083329,640
counterfactual_pair_selector,6,spurious_dependence_rate,0.21016110,0.00163782,640
counterfactual_pair_selector,6,tail_failure_rate,0.10230404,0.00067644,640
counterfactual_pair_selector,6,damage_rate,0.06328529,0.00038956,640
counterfactual_pair_selector,6,selection_cost,0.22097519,0.00051207,640
counterfactual_pair_selector,6,regret,0.17426346,0.00089244,640
counterfactual_pair_selector,7,success_rate,0.62833659,0.00643666,640
counterfactual_pair_selector,7,utility,0.44988214,0.00799515,640
counterfactual_pair_selector,7,causal_mechanism_recall,0.62443957,0.00083287,640
counterfactual_pair_selector,7,spurious_dependence_rate,0.21025630,0.00163519,640
counterfactual_pair_selector,7,tail_failure_rate,0.10231859,0.00067908,640
counterfactual_pair_selector,7,damage_rate,0.06320636,0.00038136,640
counterfactual_pair_selector,7,selection_cost,0.22108519,0.00051239,640
counterfactual_pair_selector,7,regret,0.17432409,0.00089898,640
counterfactual_pair_selector,8,success_rate,0.62713216,0.00640848,640
counterfactual_pair_selector,8,utility,0.44840527,0.00792791,640
counterfactual_pair_selector,8,causal_mechanism_recall,0.62464607,0.00083464,640
counterfactual_pair_selector,8,spurious_dependence_rate,0.21016391,0.00163585,640
counterfactual_pair_selector,8,tail_failure_rate,0.10263630,0.00067001,640
counterfactual_pair_selector,8,damage_rate,0.06332592,0.00038206,640
counterfactual_pair_selector,8,selection_cost,0.22108264,0.00051967,640
counterfactual_pair_selector,8,regret,0.17448207,0.00090278,640
counterfactual_pair_selector,9,success_rate,0.62446289,0.00652817,640
counterfactual_pair_selector,9,utility,0.44588774,0.00812198,640
counterfactual_pair_selector,9,causal_mechanism_recall,0.62487446,0.00082295,640
counterfactual_pair_selector,9,spurious_dependence_rate,0.21003400,0.00165013,640
counterfactual_pair_selector,9,tail_failure_rate,0.10253379,0.00067548,640
counterfactual_pair_selector,9,damage_rate,0.06332090,0.00039136,640
counterfactual_pair_selector,9,selection_cost,0.22109259,0.00051355,640
counterfactual_pair_selector,9,regret,0.17463173,0.00091847,640
diversity_coreset_selector,0,success_rate,0.49181315,0.00892397,640
diversity_coreset_selector,0,utility,0.13350749,0.01104664,640
diversity_coreset_selector,0,causal_mechanism_recall,0.46170658,0.00083377,640
diversity_coreset_selector,0,spurious_dependence_rate,0.36743198,0.00228121,640
diversity_coreset_selector,0,tail_failure_rate,0.14830259,0.00076596,640
diversity_coreset_selector,0,damage_rate,0.09226441,0.00043476,640
diversity_coreset_selector,0,selection_cost,0.19385590,0.00051342,640
diversity_coreset_selector,0,regret,0.26400325,0.00122995,640
diversity_coreset_selector,1,success_rate,0.49365234,0.00878669,640
diversity_coreset_selector,1,utility,0.13556664,0.01090146,640
diversity_coreset_selector,1,causal_mechanism_recall,0.46159268,0.00083591,640
diversity_coreset_selector,1,spurious_dependence_rate,0.36719627,0.00228502,640
diversity_coreset_selector,1,tail_failure_rate,0.14824041,0.00076316,640
diversity_coreset_selector,1,damage_rate,0.09222077,0.00043699,640
diversity_coreset_selector,1,selection_cost,0.19377031,0.00051390,640
diversity_coreset_selector,1,regret,0.26376957,0.00121835,640
diversity_coreset_selector,2,success_rate,0.49098307,0.00880963,640
diversity_coreset_selector,2,utility,0.13258475,0.01092683,640
diversity_coreset_selector,2,causal_mechanism_recall,0.46171952,0.00082825,640
diversity_coreset_selector,2,spurious_dependence_rate,0.36726072,0.00228539,640
diversity_coreset_selector,2,tail_failure_rate,0.14843744,0.00076188,640
diversity_coreset_selector,2,damage_rate,0.09231677,0.00044000,640
diversity_coreset_selector,2,selection_cost,0.19379727,0.00051438,640
diversity_coreset_selector,2,regret,0.26415887,0.00122405,640
diversity_coreset_selector,3,success_rate,0.48964844,0.00877227,640
diversity_coreset_selector,3,utility,0.13144342,0.01087705,640
diversity_coreset_selector,3,causal_mechanism_recall,0.46208711,0.00082889,640
diversity_coreset_selector,3,spurious_dependence_rate,0.36706253,0.00227261,640
diversity_coreset_selector,3,tail_failure_rate,0.14854694,0.00076244,640
diversity_coreset_selector,3,damage_rate,0.09217865,0.00043880,640
diversity_coreset_selector,3,selection_cost,0.19392429,0.00052191,640
diversity_coreset_selector,3,regret,0.26407992,0.00121756,640
diversity_coreset_selector,4,success_rate,0.48785807,0.00892424,640
diversity_coreset_selector,4,utility,0.12943553,0.01107469,640
diversity_coreset_selector,4,causal_mechanism_recall,0.46201697,0.00084884,640
diversity_coreset_selector,4,spurious_dependence_rate,0.36707069,0.00228880,640
diversity_coreset_selector,4,tail_failure_rate,0.14865293,0.00075833,640
diversity_coreset_selector,4,damage_rate,0.09225235,0.00044862,640
diversity_coreset_selector,4,selection_cost,0.19385120,0.00051857,640
diversity_coreset_selector,4,regret,0.26436363,0.00124906,640
diversity_coreset_selector,5,success_rate,0.49313151,0.00886058,640
diversity_coreset_selector,5,utility,0.13506773,0.01102702,640
diversity_coreset_selector,5,causal_mechanism_recall,0.46181553,0.00084356,640
diversity_coreset_selector,5,spurious_dependence_rate,0.36728521,0.00228853,640
diversity_coreset_selector,5,tail_failure_rate,0.14830473,0.00075995,640
diversity_coreset_selector,5,damage_rate,0.09216285,0.00045148,640
diversity_coreset_selector,5,selection_cost,0.19389067,0.00052518,640
diversity_coreset_selector,5,regret,0.26374008,0.00124810,640
diversity_coreset_selector,6,success_rate,0.48938802,0.00885311,640
diversity_coreset_selector,6,utility,0.13086792,0.01102822,640
diversity_coreset_selector,6,causal_mechanism_recall,0.46167974,0.00084048,640
diversity_coreset_selector,6,spurious_dependence_rate,0.36744345,0.00229630,640
diversity_coreset_selector,6,tail_failure_rate,0.14852505,0.00077011,640
diversity_coreset_selector,6,damage_rate,0.09223124,0.00045773,640
diversity_coreset_selector,6,selection_cost,0.19399267,0.00051979,640
diversity_coreset_selector,6,regret,0.26419624,0.00125216,640
diversity_coreset_selector,7,success_rate,0.49526367,0.00865817,640
diversity_coreset_selector,7,utility,0.13721066,0.01078454,640
diversity_coreset_selector,7,causal_mechanism_recall,0.46154395,0.00083710,640
diversity_coreset_selector,7,spurious_dependence_rate,0.36747038,0.00228550,640
diversity_coreset_selector,7,tail_failure_rate,0.14820168,0.00077018,640
diversity_coreset_selector,7,damage_rate,0.09209150,0.00044421,640
diversity_coreset_selector,7,selection_cost,0.19398211,0.00051837,640
diversity_coreset_selector,7,regret,0.26347521,0.00121349,640
diversity_coreset_selector,8,success_rate,0.48707682,0.00881649,640
diversity_coreset_selector,8,utility,0.12849394,0.01098531,640
diversity_coreset_selector,8,causal_mechanism_recall,0.46182399,0.00084330,640
diversity_coreset_selector,8,spurious_dependence_rate,0.36744103,0.00228469,640
diversity_coreset_selector,8,tail_failure_rate,0.14851065,0.00077680,640
diversity_coreset_selector,8,damage_rate,0.09227933,0.00044826,640
diversity_coreset_selector,8,selection_cost,0.19389652,0.00051638,640
diversity_coreset_selector,8,regret,0.26449171,0.00123679,640
diversity_coreset_selector,9,success_rate,0.49422201,0.00901434,640
diversity_coreset_selector,9,utility,0.13605554,0.01118684,640
diversity_coreset_selector,9,causal_mechanism_recall,0.46175386,0.00084472,640
diversity_coreset_selector,9,spurious_dependence_rate,0.36752423,0.00229758,640
diversity_coreset_selector,9,tail_failure_rate,0.14835143,0.00078211,640
diversity_coreset_selector,9,damage_rate,0.09214010,0.00045348,640
diversity_coreset_selector,9,selection_cost,0.19381092,0.00051389,640
diversity_coreset_selector,9,regret,0.26361246,0.00126624,640
domain_adversarial_selector,0,success_rate,0.60476888,0.00631755,640
domain_adversarial_selector,0,utility,0.39661343,0.00790792,640
domain_adversarial_selector,0,causal_mechanism_recall,0.58989753,0.00081999,640
domain_adversarial_selector,0,spurious_dependence_rate,0.22571182,0.00168683,640
domain_adversarial_selector,0,tail_failure_rate,0.11265908,0.00067044,640
domain_adversarial_selector,0,damage_rate,0.06933313,0.00037873,640
domain_adversarial_selector,0,selection_cost,0.21384633,0.00051325,640
domain_adversarial_selector,0,regret,0.19050415,0.00089540,640
domain_adversarial_selector,1,success_rate,0.60366211,0.00661442,640
domain_adversarial_selector,1,utility,0.39526818,0.00823109,640
domain_adversarial_selector,1,causal_mechanism_recall,0.59007514,0.00082199,640
domain_adversarial_selector,1,spurious_dependence_rate,0.22581978,0.00169341,640
domain_adversarial_selector,1,tail_failure_rate,0.11275236,0.00067750,640
domain_adversarial_selector,1,damage_rate,0.06942456,0.00038194,640
domain_adversarial_selector,1,selection_cost,0.21393982,0.00051531,640
domain_adversarial_selector,1,regret,0.19075155,0.00092783,640
domain_adversarial_selector,2,success_rate,0.60213216,0.00658470,640
domain_adversarial_selector,2,utility,0.39376196,0.00818844,640
domain_adversarial_selector,2,causal_mechanism_recall,0.58999012,0.00081833,640
domain_adversarial_selector,2,spurious_dependence_rate,0.22570263,0.00169682,640
domain_adversarial_selector,2,tail_failure_rate,0.11272472,0.00066827,640
domain_adversarial_selector,2,damage_rate,0.06942477,0.00038643,640
domain_adversarial_selector,2,selection_cost,0.21375818,0.00051251,640
domain_adversarial_selector,2,regret,0.19099595,0.00092989,640
domain_adversarial_selector,3,success_rate,0.60179036,0.00630914,640
domain_adversarial_selector,3,utility,0.39313778,0.00789684,640
domain_adversarial_selector,3,causal_mechanism_recall,0.58981756,0.00083089,640
domain_adversarial_selector,3,spurious_dependence_rate,0.22586687,0.00168715,640
domain_adversarial_selector,3,tail_failure_rate,0.11270964,0.00066368,640
domain_adversarial_selector,3,damage_rate,0.06957198,0.00038794,640
domain_adversarial_selector,3,selection_cost,0.21383917,0.00051826,640
domain_adversarial_selector,3,regret,0.19119285,0.00090033,640
domain_adversarial_selector,4,success_rate,0.59959310,0.00642527,640
domain_adversarial_selector,4,utility,0.39053188,0.00805303,640
domain_adversarial_selector,4,causal_mechanism_recall,0.58966689,0.00084437,640
domain_adversarial_selector,4,spurious_dependence_rate,0.22601235,0.00167716,640
domain_adversarial_selector,4,tail_failure_rate,0.11283706,0.00067670,640
domain_adversarial_selector,4,damage_rate,0.06971079,0.00039062,640
domain_adversarial_selector,4,selection_cost,0.21397018,0.00052100,640
domain_adversarial_selector,4,regret,0.19152545,0.00091776,640
domain_adversarial_selector,5,success_rate,0.60152995,0.00663116,640
domain_adversarial_selector,5,utility,0.39269008,0.00825913,640
domain_adversarial_selector,5,causal_mechanism_recall,0.58971319,0.00083890,640
domain_adversarial_selector,5,spurious_dependence_rate,0.22606404,0.00167506,640
domain_adversarial_selector,5,tail_failure_rate,0.11274935,0.00069083,640
domain_adversarial_selector,5,damage_rate,0.06957298,0.00039312,640
domain_adversarial_selector,5,selection_cost,0.21398864,0.00051650,640
domain_adversarial_selector,5,regret,0.19110245,0.00093786,640
domain_adversarial_selector,6,success_rate,0.60125326,0.00647263,640
domain_adversarial_selector,6,utility,0.39256525,0.00810206,640
domain_adversarial_selector,6,causal_mechanism_recall,0.58980326,0.00084215,640
domain_adversarial_selector,6,spurious_dependence_rate,0.22604068,0.00168026,640
domain_adversarial_selector,6,tail_failure_rate,0.11271269,0.00069420,640
domain_adversarial_selector,6,damage_rate,0.06950175,0.00039155,640
domain_adversarial_selector,6,selection_cost,0.21386952,0.00050578,640
domain_adversarial_selector,6,regret,0.19113060,0.00092485,640
domain_adversarial_selector,7,success_rate,0.60488281,0.00653314,640
domain_adversarial_selector,7,utility,0.39629486,0.00812287,640
domain_adversarial_selector,7,causal_mechanism_recall,0.58963069,0.00085157,640
domain_adversarial_selector,7,spurious_dependence_rate,0.22584850,0.00167588,640
domain_adversarial_selector,7,tail_failure_rate,0.11271501,0.00068698,640
domain_adversarial_selector,7,damage_rate,0.06958462,0.00039375,640
domain_adversarial_selector,7,selection_cost,0.21380044,0.00050673,640
domain_adversarial_selector,7,regret,0.19075778,0.00092909,640
domain_adversarial_selector,8,success_rate,0.60493164,0.00640127,640
domain_adversarial_selector,8,utility,0.39629660,0.00801275,640
domain_adversarial_selector,8,causal_mechanism_recall,0.58948002,0.00083802,640
domain_adversarial_selector,8,spurious_dependence_rate,0.22599398,0.00167698,640
domain_adversarial_selector,8,tail_failure_rate,0.11257495,0.00068471,640
domain_adversarial_selector,8,damage_rate,0.06959190,0.00039406,640
domain_adversarial_selector,8,selection_cost,0.21379388,0.00050908,640
domain_adversarial_selector,8,regret,0.19094549,0.00091539,640
domain_adversarial_selector,9,success_rate,0.60917969,0.00649376,640
domain_adversarial_selector,9,utility,0.40079490,0.00805690,640
domain_adversarial_selector,9,causal_mechanism_recall,0.58952632,0.00083588,640
domain_adversarial_selector,9,spurious_dependence_rate,0.22597062,0.00167960,640
domain_adversarial_selector,9,tail_failure_rate,0.11249009,0.00068488,640
domain_adversarial_selector,9,damage_rate,0.06954889,0.00038068,640
domain_adversarial_selector,9,selection_cost,0.21378732,0.00050692,640
domain_adversarial_selector,9,regret,0.19046080,0.00090737,640
failure_mining_selector,0,success_rate,0.51318359,0.00866829,640
failure_mining_selector,0,utility,0.15017222,0.01076523,640
failure_mining_selector,0,causal_mechanism_recall,0.49159233,0.00083084,640
failure_mining_selector,0,spurious_dependence_rate,0.34942926,0.00222375,640
failure_mining_selector,0,tail_failure_rate,0.16399792,0.00076715,640
failure_mining_selector,0,damage_rate,0.10242200,0.00044756,640
failure_mining_selector,0,selection_cost,0.21245904,0.00052160,640
failure_mining_selector,0,regret,0.25233855,0.00121179,640
failure_mining_selector,1,success_rate,0.51331380,0.00844782,640
failure_mining_selector,1,utility,0.15021624,0.01049750,640
failure_mining_selector,1,causal_mechanism_recall,0.49156685,0.00083949,640
failure_mining_selector,1,spurious_dependence_rate,0.34958826,0.00221571,640
failure_mining_selector,1,tail_failure_rate,0.16409006,0.00075614,640
failure_mining_selector,1,damage_rate,0.10236347,0.00043234,640
failure_mining_selector,1,selection_cost,0.21248650,0.00051177,640
failure_mining_selector,1,regret,0.25228716,0.00119455,640
failure_mining_selector,2,success_rate,0.51272786,0.00889083,640
failure_mining_selector,2,utility,0.14967774,0.01099300,640
failure_mining_selector,2,causal_mechanism_recall,0.49160704,0.00082982,640
failure_mining_selector,2,spurious_dependence_rate,0.34940959,0.00220883,640
failure_mining_selector,2,tail_failure_rate,0.16412832,0.00076369,640
failure_mining_selector,2,damage_rate,0.10242107,0.00043941,640
failure_mining_selector,2,selection_cost,0.21243894,0.00051685,640
failure_mining_selector,2,regret,0.25226940,0.00122714,640
failure_mining_selector,3,success_rate,0.51236979,0.00822065,640
failure_mining_selector,3,utility,0.14949777,0.01024899,640
failure_mining_selector,3,causal_mechanism_recall,0.49184419,0.00083831,640
failure_mining_selector,3,spurious_dependence_rate,0.34932472,0.00220165,640
failure_mining_selector,3,tail_failure_rate,0.16410077,0.00074635,640
failure_mining_selector,3,damage_rate,0.10238476,0.00043311,640
failure_mining_selector,3,selection_cost,0.21231633,0.00050922,640
failure_mining_selector,3,regret,0.25232611,0.00114872,640
failure_mining_selector,4,success_rate,0.51438802,0.00840721,640
failure_mining_selector,4,utility,0.15159829,0.01047689,640
failure_mining_selector,4,causal_mechanism_recall,0.49190627,0.00083391,640
failure_mining_selector,4,spurious_dependence_rate,0.34914605,0.00221297,640
failure_mining_selector,4,tail_failure_rate,0.16411093,0.00075395,640
failure_mining_selector,4,damage_rate,0.10245633,0.00042878,640
failure_mining_selector,4,selection_cost,0.21229377,0.00051409,640
failure_mining_selector,4,regret,0.25204018,0.00119068,640
failure_mining_selector,5,success_rate,0.51609701,0.00886995,640
failure_mining_selector,5,utility,0.15333435,0.01096665,640
failure_mining_selector,5,causal_mechanism_recall,0.49194645,0.00083054,640
failure_mining_selector,5,spurious_dependence_rate,0.34921125,0.00221825,640
failure_mining_selector,5,tail_failure_rate,0.16398956,0.00076381,640
failure_mining_selector,5,damage_rate,0.10247995,0.00043026,640
failure_mining_selector,5,selection_cost,0.21237127,0.00051271,640
failure_mining_selector,5,regret,0.25199855,0.00122554,640
failure_mining_selector,6,success_rate,0.51502279,0.00852656,640
failure_mining_selector,6,utility,0.15212771,0.01060350,640
failure_mining_selector,6,causal_mechanism_recall,0.49200852,0.00082768,640
failure_mining_selector,6,spurious_dependence_rate,0.34933273,0.00220958,640
failure_mining_selector,6,tail_failure_rate,0.16409139,0.00076638,640
failure_mining_selector,6,damage_rate,0.10239297,0.00043367,640
failure_mining_selector,6,selection_cost,0.21241124,0.00051278,640
failure_mining_selector,6,regret,0.25219651,0.00117545,640
failure_mining_selector,7,success_rate,0.51655273,0.00880376,640
failure_mining_selector,7,utility,0.15380013,0.01088003,640
failure_mining_selector,7,causal_mechanism_recall,0.49187362,0.00082214,640
failure_mining_selector,7,spurious_dependence_rate,0.34939794,0.00221391,640
failure_mining_selector,7,tail_failure_rate,0.16398789,0.00076649,640
failure_mining_selector,7,damage_rate,0.10230832,0.00044235,640
failure_mining_selector,7,selection_cost,0.21248874,0.00050903,640
failure_mining_selector,7,regret,0.25188742,0.00122081,640
failure_mining_selector,8,success_rate,0.51648763,0.00854744,640
failure_mining_selector,8,utility,0.15377724,0.01060218,640
failure_mining_selector,8,causal_mechanism_recall,0.49165117,0.00082395,640
failure_mining_selector,8,spurious_dependence_rate,0.34944438,0.00219723,640
failure_mining_selector,8,tail_failure_rate,0.16393153,0.00076716,640
failure_mining_selector,8,damage_rate,0.10221735,0.00043499,640
failure_mining_selector,8,selection_cost,0.21261625,0.00051005,640
failure_mining_selector,8,regret,0.25183774,0.00119279,640
failure_mining_selector,9,success_rate,0.51077474,0.00859475,640
failure_mining_selector,9,utility,0.14785376,0.01064688,640
failure_mining_selector,9,causal_mechanism_recall,0.49166947,0.00082502,640
failure_mining_selector,9,spurious_dependence_rate,0.34922819,0.00219513,640
failure_mining_selector,9,tail_failure_rate,0.16392207,0.00075409,640
failure_mining_selector,9,damage_rate,0.10241373,0.00043897,640
failure_mining_selector,9,selection_cost,0.21260620,0.00050844,640
failure_mining_selector,9,regret,0.25238463,0.00119263,640
foundation_embedding_filter,0,success_rate,0.58712565,0.00805625,640
foundation_embedding_filter,0,utility,0.35780493,0.01000100,640
foundation_embedding_filter,0,causal_mechanism_recall,0.60457169,0.00083184,640
foundation_embedding_filter,0,spurious_dependence_rate,0.28510022,0.00202404,640
foundation_embedding_filter,0,tail_failure_rate,0.11455909,0.00074418,640
foundation_embedding_filter,0,damage_rate,0.07307272,0.00042443,640
foundation_embedding_filter,0,selection_cost,0.18551026,0.00051417,640
foundation_embedding_filter,0,regret,0.18711963,0.00112106,640
foundation_embedding_filter,1,success_rate,0.59085286,0.00782731,640
foundation_embedding_filter,1,utility,0.36187243,0.00970328,640
foundation_embedding_filter,1,causal_mechanism_recall,0.60479307,0.00081222,640
foundation_embedding_filter,1,spurious_dependence_rate,0.28522695,0.00202600,640
foundation_embedding_filter,1,tail_failure_rate,0.11435799,0.00072351,640
foundation_embedding_filter,1,damage_rate,0.07298478,0.00041236,640
foundation_embedding_filter,1,selection_cost,0.18554122,0.00051882,640
foundation_embedding_filter,1,regret,0.18659641,0.00108231,640
foundation_embedding_filter,2,success_rate,0.59055990,0.00777449,640
foundation_embedding_filter,2,utility,0.36187783,0.00967331,640
foundation_embedding_filter,2,causal_mechanism_recall,0.60490503,0.00082543,640
foundation_embedding_filter,2,spurious_dependence_rate,0.28494096,0.00203670,640
foundation_embedding_filter,2,tail_failure_rate,0.11429933,0.00072372,640
foundation_embedding_filter,2,damage_rate,0.07287027,0.00041044,640
foundation_embedding_filter,2,selection_cost,0.18538459,0.00051443,640
foundation_embedding_filter,2,regret,0.18659688,0.00108695,640
foundation_embedding_filter,3,success_rate,0.58538411,0.00779146,640
foundation_embedding_filter,3,utility,0.35635102,0.00969840,640
foundation_embedding_filter,3,causal_mechanism_recall,0.60477624,0.00083248,640
foundation_embedding_filter,3,spurious_dependence_rate,0.28506768,0.00203837,640
foundation_embedding_filter,3,tail_failure_rate,0.11427777,0.00072732,640
foundation_embedding_filter,3,damage_rate,0.07302840,0.00041402,640
foundation_embedding_filter,3,selection_cost,0.18546558,0.00052055,640
foundation_embedding_filter,3,regret,0.18721370,0.00108030,640
foundation_embedding_filter,4,success_rate,0.58846029,0.00763145,640
foundation_embedding_filter,4,utility,0.35955447,0.00951233,640
foundation_embedding_filter,4,causal_mechanism_recall,0.60464745,0.00083679,640
foundation_embedding_filter,4,spurious_dependence_rate,0.28508185,0.00203459,640
foundation_embedding_filter,4,tail_failure_rate,0.11427952,0.00072952,640
foundation_embedding_filter,4,damage_rate,0.07294982,0.00040085,640
foundation_embedding_filter,4,selection_cost,0.18548404,0.00051566,640
foundation_embedding_filter,4,regret,0.18680536,0.00105726,640
foundation_embedding_filter,5,success_rate,0.58593750,0.00778863,640
foundation_embedding_filter,5,utility,0.35706736,0.00970556,640
foundation_embedding_filter,5,causal_mechanism_recall,0.60484695,0.00082057,640
foundation_embedding_filter,5,spurious_dependence_rate,0.28494594,0.00203532,640
foundation_embedding_filter,5,tail_failure_rate,0.11439351,0.00072422,640
foundation_embedding_filter,5,damage_rate,0.07287600,0.00041425,640
foundation_embedding_filter,5,selection_cost,0.18546497,0.00051223,640
foundation_embedding_filter,5,regret,0.18697758,0.00109112,640
foundation_embedding_filter,6,success_rate,0.58688151,0.00777224,640
foundation_embedding_filter,6,utility,0.35805085,0.00968450,640
foundation_embedding_filter,6,causal_mechanism_recall,0.60498079,0.00081711,640
foundation_embedding_filter,6,spurious_dependence_rate,0.28494135,0.00204050,640
foundation_embedding_filter,6,tail_failure_rate,0.11444600,0.00072233,640
foundation_embedding_filter,6,damage_rate,0.07283851,0.00041438,640
foundation_embedding_filter,6,selection_cost,0.18548343,0.00051659,640
foundation_embedding_filter,6,regret,0.18689496,0.00108415,640
foundation_embedding_filter,7,success_rate,0.58862305,0.00786935,640
foundation_embedding_filter,7,utility,0.35990621,0.00979571,640
foundation_embedding_filter,7,causal_mechanism_recall,0.60502709,0.00082669,640
foundation_embedding_filter,7,spurious_dependence_rate,0.28482420,0.00205323,640
foundation_embedding_filter,7,tail_failure_rate,0.11440776,0.00072192,640
foundation_embedding_filter,7,damage_rate,0.07287924,0.00041610,640
foundation_embedding_filter,7,selection_cost,0.18547687,0.00051856,640
foundation_embedding_filter,7,regret,0.18669399,0.00111331,640
foundation_embedding_filter,8,success_rate,0.59191081,0.00799611,640
foundation_embedding_filter,8,utility,0.36342596,0.00993733,640
foundation_embedding_filter,8,causal_mechanism_recall,0.60494207,0.00082776,640
foundation_embedding_filter,8,spurious_dependence_rate,0.28487588,0.00204730,640
foundation_embedding_filter,8,tail_failure_rate,0.11412945,0.00072666,640
foundation_embedding_filter,8,damage_rate,0.07288077,0.00042955,640
foundation_embedding_filter,8,selection_cost,0.18534525,0.00052060,640
foundation_embedding_filter,8,regret,0.18644662,0.00112660,640
foundation_embedding_filter,9,success_rate,0.59192708,0.00779088,640
foundation_embedding_filter,9,utility,0.36308554,0.00968892,640
foundation_embedding_filter,9,causal_mechanism_recall,0.60479140,0.00084188,640
foundation_embedding_filter,9,spurious_dependence_rate,0.28500260,0.00202301,640
foundation_embedding_filter,9,tail_failure_rate,0.11426479,0.00072531,640
foundation_embedding_filter,9,damage_rate,0.07299238,0.00041945,640
foundation_embedding_filter,9,selection_cost,0.18552629,0.00051987,640
foundation_embedding_filter,9,regret,0.18665392,0.00109172,640
influence_function_selector,0,success_rate,0.56848958,0.00749088,640
influence_function_selector,0,utility,0.30708573,0.00935226,640
influence_function_selector,0,causal_mechanism_recall,0.56177971,0.00084221,640
influence_function_selector,0,spurious_dependence_rate,0.28860629,0.00194089,640
influence_function_selector,0,tail_failure_rate,0.12407012,0.00072988,640
influence_function_selector,0,damage_rate,0.07794820,0.00041555,640
influence_function_selector,0,selection_cost,0.21347910,0.00051494,640
influence_function_selector,0,regret,0.20966326,0.00104853,640
influence_function_selector,1,success_rate,0.57029622,0.00746594,640
influence_function_selector,1,utility,0.30898703,0.00932091,640
influence_function_selector,1,causal_mechanism_recall,0.56169469,0.00084515,640
influence_function_selector,1,spurious_dependence_rate,0.28871425,0.00195164,640
influence_function_selector,1,tail_failure_rate,0.12406349,0.00072790,640
influence_function_selector,1,damage_rate,0.07786864,0.00041275,640
influence_function_selector,1,selection_cost,0.21337250,0.00050640,640
influence_function_selector,1,regret,0.20947177,0.00105444,640
influence_function_selector,2,success_rate,0.56787109,0.00754723,640
influence_function_selector,2,utility,0.30645636,0.00940156,640
influence_function_selector,2,causal_mechanism_recall,0.56165344,0.00085348,640
influence_function_selector,2,spurious_dependence_rate,0.28840951,0.00193543,640
influence_function_selector,2,tail_failure_rate,0.12415563,0.00072437,640
influence_function_selector,2,damage_rate,0.07798882,0.00042215,640
influence_function_selector,2,selection_cost,0.21327840,0.00050742,640
influence_function_selector,2,regret,0.20988311,0.00106354,640
influence_function_selector,3,success_rate,0.56730143,0.00779132,640
influence_function_selector,3,utility,0.30567142,0.00966853,640
influence_function_selector,3,causal_mechanism_recall,0.56143711,0.00083735,640
influence_function_selector,3,spurious_dependence_rate,0.28853623,0.00193613,640
influence_function_selector,3,tail_failure_rate,0.12404592,0.00073747,640
influence_function_selector,3,damage_rate,0.07812128,0.00042303,640
influence_function_selector,3,selection_cost,0.21329685,0.00050725,640
influence_function_selector,3,regret,0.21016428,0.00109113,640
influence_function_selector,4,success_rate,0.57076823,0.00752579,640
influence_function_selector,4,utility,0.30934129,0.00933818,640
influence_function_selector,4,causal_mechanism_recall,0.56150530,0.00084135,640
influence_function_selector,4,spurious_dependence_rate,0.28858792,0.00193465,640
influence_function_selector,4,tail_failure_rate,0.12399985,0.00072237,640
influence_function_selector,4,damage_rate,0.07807099,0.00040975,640
influence_function_selector,4,selection_cost,0.21330280,0.00050596,640
influence_function_selector,4,regret,0.20968437,0.00105275,640
influence_function_selector,5,success_rate,0.56870117,0.00744705,640
influence_function_selector,5,utility,0.30708974,0.00928814,640
influence_function_selector,5,causal_mechanism_recall,0.56152971,0.00082760,640
influence_function_selector,5,spurious_dependence_rate,0.28854580,0.00193749,640
influence_function_selector,5,tail_failure_rate,0.12421629,0.00072732,640
influence_function_selector,5,damage_rate,0.07805934,0.00040977,640
influence_function_selector,5,selection_cost,0.21344632,0.00051068,640
influence_function_selector,5,regret,0.20978801,0.00103774,640
influence_function_selector,6,success_rate,0.57000326,0.00738733,640
influence_function_selector,6,utility,0.30860137,0.00918768,640
influence_function_selector,6,causal_mechanism_recall,0.56177298,0.00081948,640
influence_function_selector,6,spurious_dependence_rate,0.28867253,0.00194322,640
influence_function_selector,6,tail_failure_rate,0.12410045,0.00070998,640
influence_function_selector,6,damage_rate,0.07798265,0.00040389,640
influence_function_selector,6,selection_cost,0.21338974,0.00051506,640
influence_function_selector,6,regret,0.20956005,0.00102156,640
influence_function_selector,7,success_rate,0.57125651,0.00735766,640
influence_function_selector,7,utility,0.31016664,0.00917458,640
influence_function_selector,7,causal_mechanism_recall,0.56197248,0.00081691,640
influence_function_selector,7,spurious_dependence_rate,0.28849910,0.00194962,640
influence_function_selector,7,tail_failure_rate,0.12401218,0.00071078,640
influence_function_selector,7,damage_rate,0.07787808,0.00040213,640
influence_function_selector,7,selection_cost,0.21334567,0.00051423,640
influence_function_selector,7,regret,0.20937475,0.00102060,640
influence_function_selector,8,success_rate,0.57054036,0.00770434,640
influence_function_selector,8,utility,0.30939327,0.00955594,640
influence_function_selector,8,causal_mechanism_recall,0.56179992,0.00082579,640
influence_function_selector,8,spurious_dependence_rate,0.28856954,0.00194819,640
influence_function_selector,8,tail_failure_rate,0.12394224,0.00072196,640
influence_function_selector,8,damage_rate,0.07790199,0.00040895,640
influence_function_selector,8,selection_cost,0.21335162,0.00052291,640
influence_function_selector,8,regret,0.20948400,0.00107198,640
influence_function_selector,9,success_rate,0.57045898,0.00754909,640
influence_function_selector,9,utility,0.30931846,0.00939800,640
influence_function_selector,9,causal_mechanism_recall,0.56156170,0.00083800,640
influence_function_selector,9,spurious_dependence_rate,0.28850867,0.00195595,640
influence_function_selector,9,tail_failure_rate,0.12397334,0.00072653,640
influence_function_selector,9,damage_rate,0.07784314,0.00040213,640
influence_function_selector,9,selection_cost,0.21344511,0.00052021,640
influence_function_selector,9,regret,0.20942606,0.00105155,640
interventional_mechanism_value_selector_v5,0,success_rate,0.73680013,0.00477988,640
interventional_mechanism_value_selector_v5,0,utility,0.69831608,0.00593353,640
interventional_mechanism_value_selector_v5,0,causal_mechanism_recall,0.74479864,0.00082946,640
interventional_mechanism_value_selector_v5,0,spurious_dependence_rate,0.11057025,0.00123840,640
interventional_mechanism_value_selector_v5,0,tail_failure_rate,0.06911220,0.00061521,640
interventional_mechanism_value_selector_v5,0,damage_rate,0.04254046,0.00033432,640
interventional_mechanism_value_selector_v5,0,selection_cost,0.17016049,0.00051105,640
interventional_mechanism_value_selector_v5,0,regret,0.10103018,0.00068655,640
interventional_mechanism_value_selector_v5,1,success_rate,0.73572591,0.00474778,640
interventional_mechanism_value_selector_v5,1,utility,0.69730504,0.00589998,640
interventional_mechanism_value_selector_v5,1,causal_mechanism_recall,0.74470919,0.00083438,640
interventional_mechanism_value_selector_v5,1,spurious_dependence_rate,0.11052434,0.00123481,640
interventional_mechanism_value_selector_v5,1,tail_failure_rate,0.06920864,0.00061447,640
interventional_mechanism_value_selector_v5,1,damage_rate,0.04236357,0.00034316,640
interventional_mechanism_value_selector_v5,1,selection_cost,0.17017641,0.00050775,640
interventional_mechanism_value_selector_v5,1,regret,0.10108686,0.00068301,640
interventional_mechanism_value_selector_v5,2,success_rate,0.73779297,0.00471480,640
interventional_mechanism_value_selector_v5,2,utility,0.69937861,0.00587886,640
interventional_mechanism_value_selector_v5,2,causal_mechanism_recall,0.74455409,0.00083315,640
interventional_mechanism_value_selector_v5,2,spurious_dependence_rate,0.11038463,0.00123067,640
interventional_mechanism_value_selector_v5,2,tail_failure_rate,0.06923228,0.00061496,640
interventional_mechanism_value_selector_v5,2,damage_rate,0.04244924,0.00034767,640
interventional_mechanism_value_selector_v5,2,selection_cost,0.17011730,0.00052276,640
interventional_mechanism_value_selector_v5,2,regret,0.10090132,0.00067177,640
interventional_mechanism_value_selector_v5,3,success_rate,0.73758138,0.00483438,640
interventional_mechanism_value_selector_v5,3,utility,0.69914090,0.00594702,640
interventional_mechanism_value_selector_v5,3,causal_mechanism_recall,0.74470539,0.00083555,640
interventional_mechanism_value_selector_v5,3,spurious_dependence_rate,0.11037624,0.00123551,640
interventional_mechanism_value_selector_v5,3,tail_failure_rate,0.06929175,0.00061148,640
interventional_mechanism_value_selector_v5,3,damage_rate,0.04249290,0.00034275,640
interventional_mechanism_value_selector_v5,3,selection_cost,0.17005819,0.00051560,640
interventional_mechanism_value_selector_v5,3,regret,0.10085996,0.00069202,640
interventional_mechanism_value_selector_v5,4,success_rate,0.73728841,0.00479187,640
interventional_mechanism_value_selector_v5,4,utility,0.69894545,0.00593767,640
interventional_mechanism_value_selector_v5,4,causal_mechanism_recall,0.74465971,0.00083387,640
interventional_mechanism_value_selector_v5,4,spurious_dependence_rate,0.11042413,0.00121261,640
interventional_mechanism_value_selector_v5,4,tail_failure_rate,0.06924325,0.00060978,640
interventional_mechanism_value_selector_v5,4,damage_rate,0.04233245,0.00033973,640
interventional_mechanism_value_selector_v5,4,selection_cost,0.17006160,0.00051789,640
interventional_mechanism_value_selector_v5,4,regret,0.10095736,0.00069636,640
interventional_mechanism_value_selector_v5,5,success_rate,0.73782552,0.00477203,640
interventional_mechanism_value_selector_v5,5,utility,0.69951628,0.00591384,640
interventional_mechanism_value_selector_v5,5,causal_mechanism_recall,0.74485478,0.00083215,640
interventional_mechanism_value_selector_v5,5,spurious_dependence_rate,0.11039698,0.00121412,640
interventional_mechanism_value_selector_v5,5,tail_failure_rate,0.06912947,0.00060890,640
interventional_mechanism_value_selector_v5,5,damage_rate,0.04251448,0.00033988,640
interventional_mechanism_value_selector_v5,5,selection_cost,0.17009004,0.00051864,640
interventional_mechanism_value_selector_v5,5,regret,0.10075064,0.00070063,640
interventional_mechanism_value_selector_v5,6,success_rate,0.73780924,0.00467565,640
interventional_mechanism_value_selector_v5,6,utility,0.69944388,0.00581692,640
interventional_mechanism_value_selector_v5,6,causal_mechanism_recall,0.74463402,0.00083098,640
interventional_mechanism_value_selector_v5,6,spurious_dependence_rate,0.11035107,0.00122078,640
interventional_mechanism_value_selector_v5,6,tail_failure_rate,0.06929421,0.00061653,640
interventional_mechanism_value_selector_v5,6,damage_rate,0.04246022,0.00033932,640
interventional_mechanism_value_selector_v5,6,selection_cost,0.17015599,0.00051503,640
interventional_mechanism_value_selector_v5,6,regret,0.10064282,0.00067283,640
interventional_mechanism_value_selector_v5,7,success_rate,0.73753255,0.00465629,640
interventional_mechanism_value_selector_v5,7,utility,0.69913480,0.00579158,640
interventional_mechanism_value_selector_v5,7,causal_mechanism_recall,0.74476343,0.00082382,640
interventional_mechanism_value_selector_v5,7,spurious_dependence_rate,0.11028640,0.00123269,640
interventional_mechanism_value_selector_v5,7,tail_failure_rate,0.06934099,0.00060621,640
interventional_mechanism_value_selector_v5,7,damage_rate,0.04251578,0.00034571,640
interventional_mechanism_value_selector_v5,7,selection_cost,0.16997181,0.00051630,640
interventional_mechanism_value_selector_v5,7,regret,0.10077881,0.00066195,640
interventional_mechanism_value_selector_v5,8,success_rate,0.73834635,0.00451400,640
interventional_mechanism_value_selector_v5,8,utility,0.70016326,0.00565955,640
interventional_mechanism_value_selector_v5,8,causal_mechanism_recall,0.74484907,0.00082552,640
interventional_mechanism_value_selector_v5,8,spurious_dependence_rate,0.11022173,0.00121040,640
interventional_mechanism_value_selector_v5,8,tail_failure_rate,0.06930504,0.00059806,640
interventional_mechanism_value_selector_v5,8,damage_rate,0.04240917,0.00034486,640
interventional_mechanism_value_selector_v5,8,selection_cost,0.16993771,0.00051789,640
interventional_mechanism_value_selector_v5,8,regret,0.10062440,0.00065692,640
interventional_mechanism_value_selector_v5,9,success_rate,0.73445638,0.00472720,640
interventional_mechanism_value_selector_v5,9,utility,0.69582519,0.00583798,640
interventional_mechanism_value_selector_v5,9,causal_mechanism_recall,0.74469397,0.00082975,640
interventional_mechanism_value_selector_v5,9,spurious_dependence_rate,0.11045721,0.00121712,640
interventional_mechanism_value_selector_v5,9,tail_failure_rate,0.06938408,0.00060522,640
interventional_mechanism_value_selector_v5,9,damage_rate,0.04247458,0.00034382,640
interventional_mechanism_value_selector_v5,9,selection_cost,0.17005369,0.00052773,640
interventional_mechanism_value_selector_v5,9,regret,0.10126771,0.00067862,640
invariant_risk_selector,0,success_rate,0.60380859,0.00699633,640
invariant_risk_selector,0,utility,0.40061199,0.00869812,640
invariant_risk_selector,0,causal_mechanism_recall,0.59985809,0.00083313,640
invariant_risk_selector,0,spurious_dependence_rate,0.23592018,0.00174312,640
invariant_risk_selector,0,tail_failure_rate,0.10806767,0.00069822,640
invariant_risk_selector,0,damage_rate,0.06860617,0.00039202,640
invariant_risk_selector,0,selection_cost,0.20362330,0.00050970,640
invariant_risk_selector,0,regret,0.18667143,0.00097409,640
invariant_risk_selector,1,success_rate,0.60545247,0.00657468,640
invariant_risk_selector,1,utility,0.40245369,0.00823440,640
invariant_risk_selector,1,causal_mechanism_recall,0.60007336,0.00082485,640
invariant_risk_selector,1,spurious_dependence_rate,0.23602291,0.00173511,640
invariant_risk_selector,1,tail_failure_rate,0.10807473,0.00069223,640
invariant_risk_selector,1,damage_rate,0.06832667,0.00039369,640
invariant_risk_selector,1,selection_cost,0.20365077,0.00051183,640
invariant_risk_selector,1,regret,0.18668689,0.00092769,640
invariant_risk_selector,2,success_rate,0.60348307,0.00667545,640
invariant_risk_selector,2,utility,0.40037028,0.00832287,640
invariant_risk_selector,2,causal_mechanism_recall,0.59985091,0.00082086,640
invariant_risk_selector,2,spurious_dependence_rate,0.23612563,0.00174634,640
invariant_risk_selector,2,tail_failure_rate,0.10807764,0.00068886,640
invariant_risk_selector,2,damage_rate,0.06832458,0.00039075,640
invariant_risk_selector,2,selection_cost,0.20367824,0.00050932,640
invariant_risk_selector,2,regret,0.18668423,0.00094439,640
invariant_risk_selector,3,success_rate,0.60314128,0.00693763,640
invariant_risk_selector,3,utility,0.40006592,0.00860841,640
invariant_risk_selector,3,causal_mechanism_recall,0.59973789,0.00082544,640
invariant_risk_selector,3,spurious_dependence_rate,0.23615331,0.00173014,640
invariant_risk_selector,3,tail_failure_rate,0.10799136,0.00069897,640
invariant_risk_selector,3,damage_rate,0.06831150,0.00039203,640
invariant_risk_selector,3,selection_cost,0.20379325,0.00050810,640
invariant_risk_selector,3,regret,0.18659821,0.00097723,640
invariant_risk_selector,4,success_rate,0.60307617,0.00664398,640
invariant_risk_selector,4,utility,0.40016590,0.00826298,640
invariant_risk_selector,4,causal_mechanism_recall,0.59973431,0.00082181,640
invariant_risk_selector,4,spurious_dependence_rate,0.23591837,0.00172143,640
invariant_risk_selector,4,tail_failure_rate,0.10788679,0.00068398,640
invariant_risk_selector,4,damage_rate,0.06833763,0.00038479,640
invariant_risk_selector,4,selection_cost,0.20375819,0.00050879,640
invariant_risk_selector,4,regret,0.18655549,0.00093038,640
invariant_risk_selector,5,success_rate,0.60717773,0.00681091,640
invariant_risk_selector,5,utility,0.40428148,0.00847775,640
invariant_risk_selector,5,causal_mechanism_recall,0.59957752,0.00083732,640
invariant_risk_selector,5,spurious_dependence_rate,0.23605861,0.00173105,640
invariant_risk_selector,5,tail_failure_rate,0.10784656,0.00068945,640
invariant_risk_selector,5,damage_rate,0.06838693,0.00038974,640
invariant_risk_selector,5,selection_cost,0.20378566,0.00050289,640
invariant_risk_selector,5,regret,0.18616471,0.00095711,640
invariant_risk_selector,6,success_rate,0.60374349,0.00673729,640
invariant_risk_selector,6,utility,0.40054418,0.00841044,640
invariant_risk_selector,6,causal_mechanism_recall,0.59961770,0.00084416,640
invariant_risk_selector,6,spurious_dependence_rate,0.23610505,0.00175015,640
invariant_risk_selector,6,tail_failure_rate,0.10792880,0.00068216,640
invariant_risk_selector,6,damage_rate,0.06855251,0.00039409,640
invariant_risk_selector,6,selection_cost,0.20366305,0.00051619,640
invariant_risk_selector,6,regret,0.18670473,0.00094490,640
invariant_risk_selector,7,success_rate,0.60625000,0.00669003,640
invariant_risk_selector,7,utility,0.40322365,0.00836361,640
invariant_risk_selector,7,causal_mechanism_recall,0.59950468,0.00082800,640
invariant_risk_selector,7,spurious_dependence_rate,0.23605770,0.00175555,640
invariant_risk_selector,7,tail_failure_rate,0.10786677,0.00067852,640
invariant_risk_selector,7,damage_rate,0.06845075,0.00039246,640
invariant_risk_selector,7,selection_cost,0.20374055,0.00051205,640
invariant_risk_selector,7,regret,0.18650949,0.00094701,640
invariant_risk_selector,8,success_rate,0.60455729,0.00670637,640
invariant_risk_selector,8,utility,0.40130510,0.00839165,640
invariant_risk_selector,8,causal_mechanism_recall,0.59976373,0.00084393,640
invariant_risk_selector,8,spurious_dependence_rate,0.23602910,0.00175189,640
invariant_risk_selector,8,tail_failure_rate,0.10805649,0.00068946,640
invariant_risk_selector,8,damage_rate,0.06860259,0.00039836,640
invariant_risk_selector,8,selection_cost,0.20365546,0.00052285,640
invariant_risk_selector,8,regret,0.18667852,0.00095279,640
invariant_risk_selector,9,success_rate,0.60685221,0.00662820,640
invariant_risk_selector,9,utility,0.40374992,0.00830489,640
invariant_risk_selector,9,causal_mechanism_recall,0.59986957,0.00085094,640
invariant_risk_selector,9,spurious_dependence_rate,0.23607555,0.00174654,640
invariant_risk_selector,9,tail_failure_rate,0.10801687,0.00069008,640
invariant_risk_selector,9,damage_rate,0.06848265,0.00039380,640
invariant_risk_selector,9,selection_cost,0.20369544,0.00051713,640
invariant_risk_selector,9,regret,0.18658364,0.00094327,640
label_balanced_selector,0,success_rate,0.43502604,0.01032232,640
label_balanced_selector,0,utility,-0.00402488,0.01233122,640
label_balanced_selector,0,causal_mechanism_recall,0.40787527,0.00083546,640
label_balanced_selector,0,spurious_dependence_rate,0.45616615,0.00265354,640
label_balanced_selector,0,tail_failure_rate,0.16753532,0.00081912,640
label_balanced_selector,0,damage_rate,0.10401147,0.00047800,640
label_balanced_selector,0,selection_cost,0.20058305,0.00051094,640
label_balanced_selector,0,regret,0.29692409,0.00143144,640
label_balanced_selector,1,success_rate,0.43248698,0.01029027,640
label_balanced_selector,1,utility,-0.00723638,0.01236788,640
label_balanced_selector,1,causal_mechanism_recall,0.40793734,0.00083629,640
label_balanced_selector,1,spurious_dependence_rate,0.45617507,0.00266217,640
label_balanced_selector,1,tail_failure_rate,0.16765181,0.00082597,640
label_balanced_selector,1,damage_rate,0.10414982,0.00047649,640
label_balanced_selector,1,selection_cost,0.20068555,0.00051348,640
label_balanced_selector,1,regret,0.29740308,0.00142986,640
label_balanced_selector,2,success_rate,0.43525391,0.01006799,640
label_balanced_selector,2,utility,-0.00393389,0.01207620,640
label_balanced_selector,2,causal_mechanism_recall,0.40810884,0.00082605,640
label_balanced_selector,2,spurious_dependence_rate,0.45620276,0.00264281,640
label_balanced_selector,2,tail_failure_rate,0.16748476,0.00082401,640
label_balanced_selector,2,damage_rate,0.10403841,0.00047456,640
label_balanced_selector,2,selection_cost,0.20068801,0.00051421,640
label_balanced_selector,2,regret,0.29716228,0.00139819,640
label_balanced_selector,3,success_rate,0.43357747,0.01024134,640
label_balanced_selector,3,utility,-0.00587674,0.01228113,640
label_balanced_selector,3,causal_mechanism_recall,0.40786451,0.00082754,640
label_balanced_selector,3,spurious_dependence_rate,0.45636176,0.00265410,640
label_balanced_selector,3,tail_failure_rate,0.16751854,0.00082876,640
label_balanced_selector,3,damage_rate,0.10392135,0.00048129,640
label_balanced_selector,3,selection_cost,0.20071548,0.00051041,640
label_balanced_selector,3,regret,0.29734858,0.00141994,640
label_balanced_selector,4,success_rate,0.43400065,0.01011539,640
label_balanced_selector,4,utility,-0.00551375,0.01213040,640
label_balanced_selector,4,causal_mechanism_recall,0.40764206,0.00082812,640
label_balanced_selector,4,spurious_dependence_rate,0.45638944,0.00265217,640
label_balanced_selector,4,tail_failure_rate,0.16747184,0.00082647,640
label_balanced_selector,4,damage_rate,0.10393439,0.00047282,640
label_balanced_selector,4,selection_cost,0.20084300,0.00050808,640
label_balanced_selector,4,regret,0.29708372,0.00140132,640
label_balanced_selector,5,success_rate,0.43172201,0.01044844,640
label_balanced_selector,5,utility,-0.00734840,0.01243867,640
label_balanced_selector,5,causal_mechanism_recall,0.40774790,0.00082334,640
label_balanced_selector,5,spurious_dependence_rate,0.45630457,0.00263210,640
label_balanced_selector,5,tail_failure_rate,0.16736434,0.00083355,640
label_balanced_selector,5,damage_rate,0.10394037,0.00047780,640
label_balanced_selector,5,selection_cost,0.20088297,0.00050874,640
label_balanced_selector,5,regret,0.29737135,0.00143968,640
label_balanced_selector,6,success_rate,0.43204753,0.01039963,640
label_balanced_selector,6,utility,-0.00665711,0.01230586,640
label_balanced_selector,6,causal_mechanism_recall,0.40765677,0.00082703,640
label_balanced_selector,6,spurious_dependence_rate,0.45623846,0.00264017,640
label_balanced_selector,6,tail_failure_rate,0.16739204,0.00082528,640
label_balanced_selector,6,damage_rate,0.10402047,0.00047765,640
label_balanced_selector,6,selection_cost,0.20088543,0.00050692,640
label_balanced_selector,6,regret,0.29728516,0.00143491,640
label_balanced_selector,7,success_rate,0.43544922,0.00998530,640
label_balanced_selector,7,utility,-0.00429124,0.01204896,640
label_balanced_selector,7,causal_mechanism_recall,0.40760941,0.00083951,640
label_balanced_selector,7,spurious_dependence_rate,0.45637870,0.00265658,640
label_balanced_selector,7,tail_failure_rate,0.16736030,0.00081322,640
label_balanced_selector,7,damage_rate,0.10405786,0.00047407,640
label_balanced_selector,7,selection_cost,0.20076282,0.00051214,640
label_balanced_selector,7,regret,0.29700576,0.00138603,640
label_balanced_selector,8,success_rate,0.43597005,0.01015860,640
label_balanced_selector,8,utility,-0.00343042,0.01216351,640
label_balanced_selector,8,causal_mechanism_recall,0.40756205,0.00083514,640
label_balanced_selector,8,spurious_dependence_rate,0.45633134,0.00266945,640
label_balanced_selector,8,tail_failure_rate,0.16737035,0.00081350,640
label_balanced_selector,8,damage_rate,0.10400867,0.00047531,640
label_balanced_selector,8,selection_cost,0.20082781,0.00051293,640
label_balanced_selector,8,regret,0.29708176,0.00140623,640
label_balanced_selector,9,success_rate,0.43413086,0.01010880,640
label_balanced_selector,9,utility,-0.00571488,0.01217109,640
label_balanced_selector,9,causal_mechanism_recall,0.40766789,0.00083992,640
label_balanced_selector,9,spurious_dependence_rate,0.45619019,0.00267248,640
label_balanced_selector,9,tail_failure_rate,0.16753517,0.00082244,640
label_balanced_selector,9,damage_rate,0.10423467,0.00047730,640
label_balanced_selector,9,selection_cost,0.20074272,0.00051904,640
label_balanced_selector,9,regret,0.29722104,0.00140980,640
offline_rl_value_selector,0,success_rate,0.61866862,0.00661266,640
offline_rl_value_selector,0,utility,0.41811650,0.00835397,640
offline_rl_value_selector,0,causal_mechanism_recall,0.61363850,0.00083331,640
offline_rl_value_selector,0,spurious_dependence_rate,0.24686133,0.00182689,640
offline_rl_value_selector,0,tail_failure_rate,0.10796749,0.00069527,640
offline_rl_value_selector,0,damage_rate,0.06824414,0.00039943,640
offline_rl_value_selector,0,selection_cost,0.19427316,0.00051840,640
offline_rl_value_selector,0,regret,0.17476144,0.00095520,640
offline_rl_value_selector,1,success_rate,0.61555990,0.00705762,640
offline_rl_value_selector,1,utility,0.41485299,0.00878837,640
offline_rl_value_selector,1,causal_mechanism_recall,0.61378023,0.00082569,640
offline_rl_value_selector,1,spurious_dependence_rate,0.24669466,0.00181636,640
offline_rl_value_selector,1,tail_failure_rate,0.10810239,0.00069547,640
offline_rl_value_selector,1,damage_rate,0.06836117,0.00040479,640
offline_rl_value_selector,1,selection_cost,0.19427111,0.00051446,640
offline_rl_value_selector,1,regret,0.17510558,0.00099819,640
offline_rl_value_selector,2,success_rate,0.61339518,0.00700910,640
offline_rl_value_selector,2,utility,0.41230936,0.00873852,640
offline_rl_value_selector,2,causal_mechanism_recall,0.61383442,0.00083332,640
offline_rl_value_selector,2,spurious_dependence_rate,0.24680938,0.00182122,640
offline_rl_value_selector,2,tail_failure_rate,0.10824468,0.00069900,640
offline_rl_value_selector,2,damage_rate,0.06854175,0.00040501,640
offline_rl_value_selector,2,selection_cost,0.19419402,0.00051727,640
offline_rl_value_selector,2,regret,0.17557191,0.00099980,640
offline_rl_value_selector,3,success_rate,0.61466471,0.00700024,640
offline_rl_value_selector,3,utility,0.41346346,0.00877558,640
offline_rl_value_selector,3,causal_mechanism_recall,0.61364786,0.00085117,640
offline_rl_value_selector,3,spurious_dependence_rate,0.24688659,0.00182605,640
offline_rl_value_selector,3,tail_failure_rate,0.10829502,0.00070815,640
offline_rl_value_selector,3,damage_rate,0.06855427,0.00040577,640
offline_rl_value_selector,3,selection_cost,0.19421699,0.00051305,640
offline_rl_value_selector,3,regret,0.17555039,0.00099783,640
offline_rl_value_selector,4,success_rate,0.61971029,0.00702749,640
offline_rl_value_selector,4,utility,0.41896857,0.00875403,640
offline_rl_value_selector,4,causal_mechanism_recall,0.61370204,0.00084238,640
offline_rl_value_selector,4,spurious_dependence_rate,0.24705759,0.00181945,640
offline_rl_value_selector,4,tail_failure_rate,0.10808557,0.00069854,640
offline_rl_value_selector,4,damage_rate,0.06832234,0.00039645,640
offline_rl_value_selector,4,selection_cost,0.19415240,0.00051283,640
offline_rl_value_selector,4,regret,0.17478900,0.00098218,640
offline_rl_value_selector,5,success_rate,0.61684570,0.00699192,640
offline_rl_value_selector,5,utility,0.41594573,0.00873670,640
offline_rl_value_selector,5,causal_mechanism_recall,0.61377811,0.00082432,640
offline_rl_value_selector,5,spurious_dependence_rate,0.24705975,0.00182035,640
offline_rl_value_selector,5,tail_failure_rate,0.10814453,0.00071244,640
offline_rl_value_selector,5,damage_rate,0.06837092,0.00040012,640
offline_rl_value_selector,5,selection_cost,0.19430043,0.00050348,640
offline_rl_value_selector,5,regret,0.17501571,0.00098305,640
offline_rl_value_selector,6,success_rate,0.61570638,0.00659776,640
offline_rl_value_selector,6,utility,0.41495315,0.00828706,640
offline_rl_value_selector,6,causal_mechanism_recall,0.61376664,0.00082478,640
offline_rl_value_selector,6,spurious_dependence_rate,0.24683681,0.00181257,640
offline_rl_value_selector,6,tail_failure_rate,0.10810565,0.00069631,640
offline_rl_value_selector,6,damage_rate,0.06830349,0.00039429,640
offline_rl_value_selector,6,selection_cost,0.19433590,0.00050387,640
offline_rl_value_selector,6,regret,0.17502290,0.00093595,640
offline_rl_value_selector,7,success_rate,0.61754557,0.00705906,640
offline_rl_value_selector,7,utility,0.41695919,0.00878484,640
offline_rl_value_selector,7,causal_mechanism_recall,0.61373328,0.00082142,640
offline_rl_value_selector,7,spurious_dependence_rate,0.24689525,0.00180501,640
offline_rl_value_selector,7,tail_failure_rate,0.10800062,0.00071115,640
offline_rl_value_selector,7,damage_rate,0.06825858,0.00039982,640
offline_rl_value_selector,7,selection_cost,0.19425881,0.00050947,640
offline_rl_value_selector,7,regret,0.17482293,0.00099357,640
offline_rl_value_selector,8,success_rate,0.61411133,0.00688727,640
offline_rl_value_selector,8,utility,0.41324856,0.00861566,640
offline_rl_value_selector,8,causal_mechanism_recall,0.61378746,0.00083628,640
offline_rl_value_selector,8,spurious_dependence_rate,0.24682238,0.00180673,640
offline_rl_value_selector,8,tail_failure_rate,0.10802379,0.00070229,640
offline_rl_value_selector,8,damage_rate,0.06847650,0.00039611,640
offline_rl_value_selector,8,selection_cost,0.19418172,0.00049712,640
offline_rl_value_selector,8,regret,0.17534785,0.00097171,640
offline_rl_value_selector,9,success_rate,0.61459961,0.00686542,640
offline_rl_value_selector,9,utility,0.41379847,0.00856165,640
offline_rl_value_selector,9,causal_mechanism_recall,0.61353524,0.00082300,640
offline_rl_value_selector,9,spurious_dependence_rate,0.24682454,0.00180143,640
offline_rl_value_selector,9,tail_failure_rate,0.10798216,0.00069243,640
offline_rl_value_selector,9,damage_rate,0.06840867,0.00039543,640
offline_rl_value_selector,9,selection_cost,0.19410464,0.00049927,640
offline_rl_value_selector,9,regret,0.17532002,0.00097523,640
oracle_interventional_selector,0,success_rate,0.82607422,0.00385250,640
oracle_interventional_selector,0,utility,0.88873492,0.00471606,640
oracle_interventional_selector,0,causal_mechanism_recall,0.85184516,0.00083956,640
oracle_interventional_selector,0,spurious_dependence_rate,0.05165794,0.00099641,640
oracle_interventional_selector,0,tail_failure_rate,0.04512753,0.00055998,640
oracle_interventional_selector,0,damage_rate,0.02625752,0.00032151,640
oracle_interventional_selector,0,selection_cost,0.14176059,0.00051582,640
oracle_interventional_selector,0,regret,0.04179972,0.00056625,640
oracle_interventional_selector,1,success_rate,0.82246094,0.00375246,640
oracle_interventional_selector,1,utility,0.88469777,0.00454872,640
oracle_interventional_selector,1,causal_mechanism_recall,0.85173737,0.00084282,640
oracle_interventional_selector,1,spurious_dependence_rate,0.05176514,0.00098651,640
oracle_interventional_selector,1,tail_failure_rate,0.04537050,0.00056562,640
oracle_interventional_selector,1,damage_rate,0.02636502,0.00031909,640
oracle_interventional_selector,1,selection_cost,0.14179105,0.00052419,640
oracle_interventional_selector,1,regret,0.04225820,0.00054847,640
oracle_interventional_selector,2,success_rate,0.82164714,0.00385294,640
oracle_interventional_selector,2,utility,0.88373095,0.00472646,640
oracle_interventional_selector,2,causal_mechanism_recall,0.85162958,0.00081107,640
oracle_interventional_selector,2,spurious_dependence_rate,0.05179731,0.00098715,640
oracle_interventional_selector,2,tail_failure_rate,0.04550163,0.00057384,640
oracle_interventional_selector,2,damage_rate,0.02637655,0.00032016,640
oracle_interventional_selector,2,selection_cost,0.14167143,0.00052232,640
oracle_interventional_selector,2,regret,0.04240192,0.00055602,640
oracle_interventional_selector,3,success_rate,0.82643229,0.00398335,640
oracle_interventional_selector,3,utility,0.88870624,0.00480089,640
oracle_interventional_selector,3,causal_mechanism_recall,0.85165311,0.00081599,640
oracle_interventional_selector,3,spurious_dependence_rate,0.05173568,0.00099027,640
oracle_interventional_selector,3,tail_failure_rate,0.04547374,0.00057219,640
oracle_interventional_selector,3,damage_rate,0.02632609,0.00031012,640
oracle_interventional_selector,3,selection_cost,0.14176442,0.00052073,640
oracle_interventional_selector,3,regret,0.04193291,0.00056037,640
oracle_interventional_selector,4,success_rate,0.82576497,0.00377823,640
oracle_interventional_selector,4,utility,0.88799193,0.00467316,640
oracle_interventional_selector,4,causal_mechanism_recall,0.85167663,0.00081046,640
oracle_interventional_selector,4,spurious_dependence_rate,0.05174909,0.00097798,640
oracle_interventional_selector,4,tail_failure_rate,0.04539966,0.00057843,640
oracle_interventional_selector,4,damage_rate,0.02643488,0.00030559,640
oracle_interventional_selector,4,selection_cost,0.14174485,0.00053159,640
oracle_interventional_selector,4,regret,0.04194685,0.00055314,640
oracle_interventional_selector,5,success_rate,0.82452799,0.00382202,640
oracle_interventional_selector,5,utility,0.88664965,0.00467562,640
oracle_interventional_selector,5,causal_mechanism_recall,0.85183147,0.00082133,640
oracle_interventional_selector,5,spurious_dependence_rate,0.05178125,0.00099787,640
oracle_interventional_selector,5,tail_failure_rate,0.04548095,0.00058759,640
oracle_interventional_selector,5,damage_rate,0.02650106,0.00030968,640
oracle_interventional_selector,5,selection_cost,0.14166275,0.00052309,640
oracle_interventional_selector,5,regret,0.04204969,0.00055213,640
oracle_interventional_selector,6,success_rate,0.82364909,0.00375776,640
oracle_interventional_selector,6,utility,0.88566198,0.00458120,640
oracle_interventional_selector,6,causal_mechanism_recall,0.85170180,0.00082409,640
oracle_interventional_selector,6,spurious_dependence_rate,0.05194473,0.00099650,640
oracle_interventional_selector,6,tail_failure_rate,0.04551898,0.00058111,640
oracle_interventional_selector,6,damage_rate,0.02643550,0.00031387,640
oracle_interventional_selector,6,selection_cost,0.14166819,0.00051272,640
oracle_interventional_selector,6,regret,0.04220242,0.00053968,640
oracle_interventional_selector,7,success_rate,0.82526042,0.00394329,640
oracle_interventional_selector,7,utility,0.88752486,0.00479558,640
oracle_interventional_selector,7,causal_mechanism_recall,0.85159401,0.00082082,640
oracle_interventional_selector,7,spurious_dependence_rate,0.05167675,0.00099764,640
oracle_interventional_selector,7,tail_failure_rate,0.04546590,0.00058895,640
oracle_interventional_selector,7,damage_rate,0.02638692,0.00031738,640
oracle_interventional_selector,7,selection_cost,0.14158609,0.00050733,640
oracle_interventional_selector,7,regret,0.04201494,0.00056288,640
oracle_interventional_selector,8,success_rate,0.82329102,0.00376485,640
oracle_interventional_selector,8,utility,0.88548757,0.00456202,640
oracle_interventional_selector,8,causal_mechanism_recall,0.85157377,0.00083266,640
oracle_interventional_selector,8,spurious_dependence_rate,0.05157760,0.00101170,640
oracle_interventional_selector,8,tail_failure_rate,0.04546413,0.00057070,640
oracle_interventional_selector,8,damage_rate,0.02647144,0.00031074,640
oracle_interventional_selector,8,selection_cost,0.14161655,0.00050291,640
oracle_interventional_selector,8,regret,0.04210798,0.00055810,640
oracle_interventional_selector,9,success_rate,0.82433268,0.00385250,640
oracle_interventional_selector,9,utility,0.88669071,0.00472249,640
oracle_interventional_selector,9,causal_mechanism_recall,0.85164106,0.00083187,640
oracle_interventional_selector,9,spurious_dependence_rate,0.05153473,0.00101563,640
oracle_interventional_selector,9,tail_failure_rate,0.04549922,0.00056817,640
oracle_interventional_selector,9,damage_rate,0.02636742,0.00031977,640
oracle_interventional_selector,9,selection_cost,0.14144690,0.00051423,640
oracle_interventional_selector,9,regret,0.04193474,0.00056370,640
proposed_causal_mechanism_selector_v4,0,success_rate,0.67307943,0.00597412,640
proposed_causal_mechanism_selector_v4,0,utility,0.54586752,0.00750054,640
proposed_causal_mechanism_selector_v4,0,causal_mechanism_recall,0.66486720,0.00083391,640
proposed_causal_mechanism_selector_v4,0,spurious_dependence_rate,0.17535325,0.00151657,640
proposed_causal_mechanism_selector_v4,0,tail_failure_rate,0.09149273,0.00067136,640
proposed_causal_mechanism_selector_v4,0,damage_rate,0.05787265,0.00038938,640
proposed_causal_mechanism_selector_v4,0,selection_cost,0.19129275,0.00051511,640
proposed_causal_mechanism_selector_v4,0,regret,0.14009994,0.00084610,640
proposed_causal_mechanism_selector_v4,1,success_rate,0.66858724,0.00596121,640
proposed_causal_mechanism_selector_v4,1,utility,0.54094409,0.00741697,640
proposed_causal_mechanism_selector_v4,1,causal_mechanism_recall,0.66493972,0.00083244,640
proposed_causal_mechanism_selector_v4,1,spurious_dependence_rate,0.17540866,0.00150831,640
proposed_causal_mechanism_selector_v4,1,tail_failure_rate,0.09162553,0.00066154,640
proposed_causal_mechanism_selector_v4,1,damage_rate,0.05806645,0.00037505,640
proposed_causal_mechanism_selector_v4,1,selection_cost,0.19132619,0.00051176,640
proposed_causal_mechanism_selector_v4,1,regret,0.14066711,0.00083462,640
proposed_causal_mechanism_selector_v4,2,success_rate,0.67407227,0.00576152,640
proposed_causal_mechanism_selector_v4,2,utility,0.54655838,0.00719444,640
proposed_causal_mechanism_selector_v4,2,causal_mechanism_recall,0.66470585,0.00085135,640
proposed_causal_mechanism_selector_v4,2,spurious_dependence_rate,0.17537027,0.00149858,640
proposed_causal_mechanism_selector_v4,2,tail_failure_rate,0.09159301,0.00065248,640
proposed_causal_mechanism_selector_v4,2,damage_rate,0.05809407,0.00036867,640
proposed_causal_mechanism_selector_v4,2,selection_cost,0.19127209,0.00051229,640
proposed_causal_mechanism_selector_v4,2,regret,0.14001949,0.00082533,640
proposed_causal_mechanism_selector_v4,3,success_rate,0.67612305,0.00611577,640
proposed_causal_mechanism_selector_v4,3,utility,0.54871733,0.00759532,640
proposed_causal_mechanism_selector_v4,3,causal_mechanism_recall,0.66482214,0.00083871,640
proposed_causal_mechanism_selector_v4,3,spurious_dependence_rate,0.17546319,0.00150676,640
proposed_causal_mechanism_selector_v4,3,tail_failure_rate,0.09151844,0.00066332,640
proposed_causal_mechanism_selector_v4,3,damage_rate,0.05805828,0.00037420,640
proposed_causal_mechanism_selector_v4,3,selection_cost,0.19139308,0.00051861,640
proposed_causal_mechanism_selector_v4,3,regret,0.13977335,0.00085890,640
proposed_causal_mechanism_selector_v4,4,success_rate,0.67270508,0.00588287,640
proposed_causal_mechanism_selector_v4,4,utility,0.54495844,0.00735278,640
proposed_causal_mechanism_selector_v4,4,causal_mechanism_recall,0.66456638,0.00084869,640
proposed_causal_mechanism_selector_v4,4,spurious_dependence_rate,0.17533101,0.00151255,640
proposed_causal_mechanism_selector_v4,4,tail_failure_rate,0.09168691,0.00065809,640
proposed_causal_mechanism_selector_v4,4,damage_rate,0.05818148,0.00037017,640
proposed_causal_mechanism_selector_v4,4,selection_cost,0.19133898,0.00052068,640
proposed_causal_mechanism_selector_v4,4,regret,0.14024970,0.00084831,640
proposed_causal_mechanism_selector_v4,5,success_rate,0.67347005,0.00590320,640
proposed_causal_mechanism_selector_v4,5,utility,0.54567131,0.00733263,640
proposed_causal_mechanism_selector_v4,5,causal_mechanism_recall,0.66433251,0.00082849,640
proposed_causal_mechanism_selector_v4,5,spurious_dependence_rate,0.17521758,0.00152243,640
proposed_causal_mechanism_selector_v4,5,tail_failure_rate,0.09175563,0.00065263,640
proposed_causal_mechanism_selector_v4,5,damage_rate,0.05824875,0.00036879,640
proposed_causal_mechanism_selector_v4,5,selection_cost,0.19122235,0.00051477,640
proposed_causal_mechanism_selector_v4,5,regret,0.14009302,0.00082510,640
proposed_causal_mechanism_selector_v4,6,success_rate,0.67198893,0.00588772,640
proposed_causal_mechanism_selector_v4,6,utility,0.54413640,0.00734289,640
proposed_causal_mechanism_selector_v4,6,causal_mechanism_recall,0.66431749,0.00080585,640
proposed_causal_mechanism_selector_v4,6,spurious_dependence_rate,0.17514167,0.00152072,640
proposed_causal_mechanism_selector_v4,6,tail_failure_rate,0.09181812,0.00065579,640
proposed_causal_mechanism_selector_v4,6,damage_rate,0.05826921,0.00036997,640
proposed_causal_mechanism_selector_v4,6,selection_cost,0.19116825,0.00050679,640
proposed_causal_mechanism_selector_v4,6,regret,0.14029223,0.00082971,640
proposed_causal_mechanism_selector_v4,7,success_rate,0.67734375,0.00602443,640
proposed_causal_mechanism_selector_v4,7,utility,0.54995688,0.00751161,640
proposed_causal_mechanism_selector_v4,7,causal_mechanism_recall,0.66454322,0.00081815,640
proposed_causal_mechanism_selector_v4,7,spurious_dependence_rate,0.17530963,0.00152521,640
proposed_causal_mechanism_selector_v4,7,tail_failure_rate,0.09155973,0.00066304,640
proposed_causal_mechanism_selector_v4,7,damage_rate,0.05815177,0.00037052,640
proposed_causal_mechanism_selector_v4,7,selection_cost,0.19123921,0.00051879,640
proposed_causal_mechanism_selector_v4,7,regret,0.13949689,0.00084318,640
proposed_causal_mechanism_selector_v4,8,success_rate,0.67722982,0.00579814,640
proposed_causal_mechanism_selector_v4,8,utility,0.54986304,0.00722029,640
proposed_causal_mechanism_selector_v4,8,causal_mechanism_recall,0.66465952,0.00083383,640
proposed_causal_mechanism_selector_v4,8,spurious_dependence_rate,0.17527124,0.00151168,640
proposed_causal_mechanism_selector_v4,8,tail_failure_rate,0.09162014,0.00064714,640
proposed_causal_mechanism_selector_v4,8,damage_rate,0.05811065,0.00035775,640
proposed_causal_mechanism_selector_v4,8,selection_cost,0.19114759,0.00052267,640
proposed_causal_mechanism_selector_v4,8,regret,0.13963778,0.00081922,640
proposed_causal_mechanism_selector_v4,9,success_rate,0.66858724,0.00591280,640
proposed_causal_mechanism_selector_v4,9,utility,0.54066913,0.00735761,640
proposed_causal_mechanism_selector_v4,9,causal_mechanism_recall,0.66468827,0.00082617,640
proposed_causal_mechanism_selector_v4,9,spurious_dependence_rate,0.17530789,0.00151300,640
proposed_causal_mechanism_selector_v4,9,tail_failure_rate,0.09191426,0.00064735,640
proposed_causal_mechanism_selector_v4,9,damage_rate,0.05828845,0.00036633,640
proposed_causal_mechanism_selector_v4,9,selection_cost,0.19108099,0.00052168,640
proposed_causal_mechanism_selector_v4,9,regret,0.14047908,0.00084105,640
random_uniform_selector,0,success_rate,0.37871094,0.01003771,640
random_uniform_selector,0,utility,-0.09000650,0.01103247,640
random_uniform_selector,0,causal_mechanism_recall,0.31987749,0.00083687,640
random_uniform_selector,0,spurious_dependence_rate,0.44286190,0.00254923,640
random_uniform_selector,0,tail_failure_rate,0.18175800,0.00081604,640
random_uniform_selector,0,damage_rate,0.11270283,0.00046857,640
random_uniform_selector,0,selection_cost,0.17957186,0.00051476,640
random_uniform_selector,0,regret,0.33259876,0.00139245,640
random_uniform_selector,1,success_rate,0.37636719,0.00995963,640
random_uniform_selector,1,utility,-0.09319631,0.01104327,640
random_uniform_selector,1,causal_mechanism_recall,0.32015842,0.00082925,640
random_uniform_selector,1,spurious_dependence_rate,0.44292711,0.00253302,640
random_uniform_selector,1,tail_failure_rate,0.18174570,0.00081658,640
random_uniform_selector,1,damage_rate,0.11276841,0.00046482,640
random_uniform_selector,1,selection_cost,0.17959933,0.00051289,640
random_uniform_selector,1,regret,0.33297784,0.00137609,640
random_uniform_selector,2,success_rate,0.37368164,0.01016274,640
random_uniform_selector,2,utility,-0.09533935,0.01124089,640
random_uniform_selector,2,causal_mechanism_recall,0.31982654,0.00082840,640
random_uniform_selector,2,spurious_dependence_rate,0.44306735,0.00254203,640
random_uniform_selector,2,tail_failure_rate,0.18179654,0.00082121,640
random_uniform_selector,2,damage_rate,0.11260767,0.00047922,640
random_uniform_selector,2,selection_cost,0.17961429,0.00051197,640
random_uniform_selector,2,regret,0.33332018,0.00140499,640
random_uniform_selector,3,success_rate,0.37465820,0.00977125,640
random_uniform_selector,3,utility,-0.09515486,0.01088484,640
random_uniform_selector,3,causal_mechanism_recall,0.31966975,0.00082655,640
random_uniform_selector,3,spurious_dependence_rate,0.44309503,0.00254329,640
random_uniform_selector,3,tail_failure_rate,0.18174573,0.00081215,640
random_uniform_selector,3,damage_rate,0.11258549,0.00046666,640
random_uniform_selector,3,selection_cost,0.17974181,0.00050816,640
random_uniform_selector,3,regret,0.33295477,0.00135969,640
random_uniform_selector,4,success_rate,0.37322591,0.00991889,640
random_uniform_selector,4,utility,-0.09557271,0.01090999,640
random_uniform_selector,4,causal_mechanism_recall,0.31968805,0.00082380,640
random_uniform_selector,4,spurious_dependence_rate,0.44306644,0.00252518,640
random_uniform_selector,4,tail_failure_rate,0.18164000,0.00081543,640
random_uniform_selector,4,damage_rate,0.11260236,0.00046569,640
random_uniform_selector,4,selection_cost,0.17975677,0.00050869,640
random_uniform_selector,4,regret,0.33313135,0.00136832,640
random_uniform_selector,5,success_rate,0.37862956,0.00983980,640
random_uniform_selector,5,utility,-0.09103054,0.01096863,640
random_uniform_selector,5,causal_mechanism_recall,0.31968446,0.00082890,640
random_uniform_selector,5,spurious_dependence_rate,0.44298156,0.00252916,640
random_uniform_selector,5,tail_failure_rate,0.18146461,0.00080678,640
random_uniform_selector,5,damage_rate,0.11257854,0.00046870,640
random_uniform_selector,5,selection_cost,0.17977174,0.00050716,640
random_uniform_selector,5,regret,0.33245052,0.00136636,640
random_uniform_selector,6,success_rate,0.37543945,0.01020493,640
random_uniform_selector,6,utility,-0.09382309,0.01129911,640
random_uniform_selector,6,causal_mechanism_recall,0.31961522,0.00083550,640
random_uniform_selector,6,spurious_dependence_rate,0.44304677,0.00254277,640
random_uniform_selector,6,tail_failure_rate,0.18165279,0.00081017,640
random_uniform_selector,6,damage_rate,0.11273392,0.00047391,640
random_uniform_selector,6,selection_cost,0.17964913,0.00051233,640
random_uniform_selector,6,regret,0.33295719,0.00141355,640
random_uniform_selector,7,success_rate,0.37576497,0.01005317,640
random_uniform_selector,7,utility,-0.09362593,0.01114485,640
random_uniform_selector,7,causal_mechanism_recall,0.31956786,0.00083679,640
random_uniform_selector,7,spurious_dependence_rate,0.44299941,0.00255848,640
random_uniform_selector,7,tail_failure_rate,0.18168120,0.00080846,640
random_uniform_selector,7,damage_rate,0.11268935,0.00047402,640
random_uniform_selector,7,selection_cost,0.17970161,0.00051282,640
random_uniform_selector,7,regret,0.33304210,0.00139057,640
random_uniform_selector,8,success_rate,0.37708333,0.01001949,640
random_uniform_selector,8,utility,-0.09192341,0.01103923,640
random_uniform_selector,8,causal_mechanism_recall,0.31965182,0.00083518,640
random_uniform_selector,8,spurious_dependence_rate,0.44293330,0.00256754,640
random_uniform_selector,8,tail_failure_rate,0.18174165,0.00081311,640
random_uniform_selector,8,damage_rate,0.11287861,0.00047039,640
random_uniform_selector,8,selection_cost,0.17964154,0.00052051,640
random_uniform_selector,8,regret,0.33284736,0.00139052,640
random_uniform_selector,9,success_rate,0.37812500,0.00969228,640
random_uniform_selector,9,utility,-0.09228887,0.01083224,640
random_uniform_selector,9,causal_mechanism_recall,0.31997652,0.00084123,640
random_uniform_selector,9,spurious_dependence_rate,0.44309230,0.00255173,640
random_uniform_selector,9,tail_failure_rate,0.18184396,0.00080268,640
random_uniform_selector,9,damage_rate,0.11269172,0.00046788,640
random_uniform_selector,9,selection_cost,0.17968151,0.00052061,640
random_uniform_selector,9,regret,0.33295460,0.00134352,640
tail_risk_reweighting_selector,0,success_rate,0.61149089,0.00683676,640
tail_risk_reweighting_selector,0,utility,0.43012836,0.00846527,640
tail_risk_reweighting_selector,0,causal_mechanism_recall,0.60778418,0.00083710,640
tail_risk_reweighting_selector,0,spurious_dependence_rate,0.22532914,0.00171856,640
tail_risk_reweighting_selector,0,tail_failure_rate,0.09325475,0.00068640,640
tail_risk_reweighting_selector,0,damage_rate,0.06023646,0.00038775,640
tail_risk_reweighting_selector,0,selection_cost,0.21865076,0.00050645,640
tail_risk_reweighting_selector,0,regret,0.18000271,0.00095466,640
tail_risk_reweighting_selector,1,success_rate,0.61170247,0.00663324,640
tail_risk_reweighting_selector,1,utility,0.43031245,0.00827301,640
tail_risk_reweighting_selector,1,causal_mechanism_recall,0.60774205,0.00084346,640
tail_risk_reweighting_selector,1,spurious_dependence_rate,0.22541759,0.00171070,640
tail_risk_reweighting_selector,1,tail_failure_rate,0.09336976,0.00067686,640
tail_risk_reweighting_selector,1,damage_rate,0.06015454,0.00039015,640
tail_risk_reweighting_selector,1,selection_cost,0.21855615,0.00050116,640
tail_risk_reweighting_selector,1,regret,0.17991289,0.00094793,640
tail_risk_reweighting_selector,2,success_rate,0.60913086,0.00650693,640
tail_risk_reweighting_selector,2,utility,0.42771444,0.00814084,640
tail_risk_reweighting_selector,2,causal_mechanism_recall,0.60787501,0.00083706,640
tail_risk_reweighting_selector,2,spurious_dependence_rate,0.22543099,0.00169906,640
tail_risk_reweighting_selector,2,tail_failure_rate,0.09329028,0.00066644,640
tail_risk_reweighting_selector,2,damage_rate,0.06013471,0.00039236,640
tail_risk_reweighting_selector,2,selection_cost,0.21869917,0.00051130,640
tail_risk_reweighting_selector,2,regret,0.18026007,0.00093309,640
tail_risk_reweighting_selector,3,success_rate,0.60958659,0.00657115,640
tail_risk_reweighting_selector,3,utility,0.42817491,0.00820807,640
tail_risk_reweighting_selector,3,causal_mechanism_recall,0.60785476,0.00083972,640
tail_risk_reweighting_selector,3,spurious_dependence_rate,0.22546316,0.00170885,640
tail_risk_reweighting_selector,3,tail_failure_rate,0.09327077,0.00067914,640
tail_risk_reweighting_selector,3,damage_rate,0.06012685,0.00039225,640
tail_risk_reweighting_selector,3,selection_cost,0.21864208,0.00052020,640
tail_risk_reweighting_selector,3,regret,0.18022327,0.00093450,640
tail_risk_reweighting_selector,4,success_rate,0.61007487,0.00667300,640
tail_risk_reweighting_selector,4,utility,0.42859960,0.00831727,640
tail_risk_reweighting_selector,4,causal_mechanism_recall,0.60768131,0.00083267,640
tail_risk_reweighting_selector,4,spurious_dependence_rate,0.22543905,0.00170988,640
tail_risk_reweighting_selector,4,tail_failure_rate,0.09337321,0.00068777,640
tail_risk_reweighting_selector,4,damage_rate,0.06013722,0.00039483,640
tail_risk_reweighting_selector,4,selection_cost,0.21866003,0.00052241,640
tail_risk_reweighting_selector,4,regret,0.18020912,0.00093518,640
tail_risk_reweighting_selector,5,success_rate,0.60800781,0.00661546,640
tail_risk_reweighting_selector,5,utility,0.42617660,0.00827049,640
tail_risk_reweighting_selector,5,causal_mechanism_recall,0.60763918,0.00081408,640
tail_risk_reweighting_selector,5,spurious_dependence_rate,0.22545245,0.00170551,640
tail_risk_reweighting_selector,5,tail_failure_rate,0.09357874,0.00069070,640
tail_risk_reweighting_selector,5,damage_rate,0.06025047,0.00039048,640
tail_risk_reweighting_selector,5,selection_cost,0.21864046,0.00052221,640
tail_risk_reweighting_selector,5,regret,0.18056675,0.00092496,640
tail_risk_reweighting_selector,6,success_rate,0.60961914,0.00667548,640
tail_risk_reweighting_selector,6,utility,0.42784507,0.00828807,640
tail_risk_reweighting_selector,6,causal_mechanism_recall,0.60779402,0.00081293,640
tail_risk_reweighting_selector,6,spurious_dependence_rate,0.22546586,0.00168480,640
tail_risk_reweighting_selector,6,tail_failure_rate,0.09354886,0.00068517,640
tail_risk_reweighting_selector,6,damage_rate,0.06025837,0.00037988,640
tail_risk_reweighting_selector,6,selection_cost,0.21873345,0.00052000,640
tail_risk_reweighting_selector,6,regret,0.18042971,0.00093069,640
tail_risk_reweighting_selector,7,success_rate,0.61276042,0.00652638,640
tail_risk_reweighting_selector,7,utility,0.43116434,0.00814207,640
tail_risk_reweighting_selector,7,causal_mechanism_recall,0.60779567,0.00080469,640
tail_risk_reweighting_selector,7,spurious_dependence_rate,0.22553554,0.00169736,640
tail_risk_reweighting_selector,7,tail_failure_rate,0.09340018,0.00068771,640
tail_risk_reweighting_selector,7,damage_rate,0.06028264,0.00037865,640
tail_risk_reweighting_selector,7,selection_cost,0.21863884,0.00053051,640
tail_risk_reweighting_selector,7,regret,0.17998555,0.00092315,640
tail_risk_reweighting_selector,8,success_rate,0.61093750,0.00672795,640
tail_risk_reweighting_selector,8,utility,0.42923208,0.00835070,640
tail_risk_reweighting_selector,8,causal_mechanism_recall,0.60784108,0.00082314,640
tail_risk_reweighting_selector,8,spurious_dependence_rate,0.22562399,0.00171658,640
tail_risk_reweighting_selector,8,tail_failure_rate,0.09352621,0.00070197,640
tail_risk_reweighting_selector,8,damage_rate,0.06026301,0.00038906,640
tail_risk_reweighting_selector,8,selection_cost,0.21858175,0.00051891,640
tail_risk_reweighting_selector,8,regret,0.18009013,0.00094536,640
tail_risk_reweighting_selector,9,success_rate,0.61194661,0.00665188,640
tail_risk_reweighting_selector,9,utility,0.43029546,0.00827913,640
tail_risk_reweighting_selector,9,causal_mechanism_recall,0.60771140,0.00082879,640
tail_risk_reweighting_selector,9,spurious_dependence_rate,0.22554360,0.00171157,640
tail_risk_reweighting_selector,9,tail_failure_rate,0.09347331,0.00069390,640
tail_risk_reweighting_selector,9,damage_rate,0.06026618,0.00038904,640
tail_risk_reweighting_selector,9,selection_cost,0.21853717,0.00050580,640
tail_risk_reweighting_selector,9,regret,0.18007804,0.00093396,640
uncertainty_active_selector,0,success_rate,0.54985352,0.00764837,640
uncertainty_active_selector,0,utility,0.26192343,0.00957460,640
uncertainty_active_selector,0,causal_mechanism_recall,0.54447651,0.00083574,640
uncertainty_active_selector,0,spurious_dependence_rate,0.30643492,0.00202295,640
uncertainty_active_selector,0,tail_failure_rate,0.13025850,0.00073988,640
uncertainty_active_selector,0,damage_rate,0.08207775,0.00042317,640
uncertainty_active_selector,0,selection_cost,0.23154332,0.00051439,640
uncertainty_active_selector,0,regret,0.22304899,0.00107836,640
uncertainty_active_selector,1,success_rate,0.55004883,0.00777426,640
uncertainty_active_selector,1,utility,0.26207701,0.00968352,640
uncertainty_active_selector,1,causal_mechanism_recall,0.54447904,0.00083771,640
uncertainty_active_selector,1,spurious_dependence_rate,0.30637405,0.00202261,640
uncertainty_active_selector,1,tail_failure_rate,0.13025627,0.00073841,640
uncertainty_active_selector,1,damage_rate,0.08216199,0.00041870,640
uncertainty_active_selector,1,selection_cost,0.23162430,0.00050409,640
uncertainty_active_selector,1,regret,0.22299312,0.00108738,640
uncertainty_active_selector,2,success_rate,0.55436198,0.00785090,640
uncertainty_active_selector,2,utility,0.26654677,0.00973257,640
uncertainty_active_selector,2,causal_mechanism_recall,0.54454722,0.00083705,640
uncertainty_active_selector,2,spurious_dependence_rate,0.30655705,0.00201706,640
uncertainty_active_selector,2,tail_failure_rate,0.13027735,0.00073406,640
uncertainty_active_selector,2,damage_rate,0.08202782,0.00042269,640
uncertainty_active_selector,2,selection_cost,0.23169279,0.00051195,640
uncertainty_active_selector,2,regret,0.22240595,0.00109161,640
uncertainty_active_selector,3,success_rate,0.55151367,0.00795816,640
uncertainty_active_selector,3,utility,0.26357751,0.00987920,640
uncertainty_active_selector,3,causal_mechanism_recall,0.54470295,0.00081738,640
uncertainty_active_selector,3,spurious_dependence_rate,0.30657121,0.00203456,640
uncertainty_active_selector,3,tail_failure_rate,0.13043182,0.00074333,640
uncertainty_active_selector,3,damage_rate,0.08197750,0.00041681,640
uncertainty_active_selector,3,selection_cost,0.23173625,0.00051209,640
uncertainty_active_selector,3,regret,0.22269070,0.00109921,640
uncertainty_active_selector,4,success_rate,0.54775391,0.00796280,640
uncertainty_active_selector,4,utility,0.25981398,0.00985405,640
uncertainty_active_selector,4,causal_mechanism_recall,0.54494622,0.00081537,640
uncertainty_active_selector,4,spurious_dependence_rate,0.30645406,0.00202187,640
uncertainty_active_selector,4,tail_failure_rate,0.13044606,0.00073042,640
uncertainty_active_selector,4,damage_rate,0.08200785,0.00041395,640
uncertainty_active_selector,4,selection_cost,0.23172970,0.00051289,640
uncertainty_active_selector,4,regret,0.22298883,0.00109553,640
uncertainty_active_selector,5,success_rate,0.55227865,0.00753736,640
uncertainty_active_selector,5,utility,0.26472764,0.00939638,640
uncertainty_active_selector,5,causal_mechanism_recall,0.54494875,0.00081843,640
uncertainty_active_selector,5,spurious_dependence_rate,0.30629940,0.00203477,640
uncertainty_active_selector,5,tail_failure_rate,0.13023536,0.00071779,640
uncertainty_active_selector,5,damage_rate,0.08196245,0.00041122,640
uncertainty_active_selector,5,selection_cost,0.23161059,0.00052237,640
uncertainty_active_selector,5,regret,0.22253739,0.00104808,640
uncertainty_active_selector,6,success_rate,0.55104167,0.00801906,640
uncertainty_active_selector,6,utility,0.26335819,0.00993698,640
uncertainty_active_selector,6,causal_mechanism_recall,0.54462298,0.00084369,640
uncertainty_active_selector,6,spurious_dependence_rate,0.30644488,0.00203699,640
uncertainty_active_selector,6,tail_failure_rate,0.13023392,0.00073866,640
uncertainty_active_selector,6,damage_rate,0.08195117,0.00041653,640
uncertainty_active_selector,6,selection_cost,0.23169157,0.00051602,640
uncertainty_active_selector,6,regret,0.22261333,0.00110685,640
uncertainty_active_selector,7,success_rate,0.55030924,0.00774444,640
uncertainty_active_selector,7,utility,0.26268492,0.00966865,640
uncertainty_active_selector,7,causal_mechanism_recall,0.54477871,0.00083163,640
uncertainty_active_selector,7,spurious_dependence_rate,0.30644028,0.00203302,640
uncertainty_active_selector,7,tail_failure_rate,0.13019914,0.00072580,640
uncertainty_active_selector,7,damage_rate,0.08193862,0.00040776,640
uncertainty_active_selector,7,selection_cost,0.23169752,0.00050849,640
uncertainty_active_selector,7,regret,0.22260071,0.00107800,640
uncertainty_active_selector,8,success_rate,0.54760742,0.00790456,640
uncertainty_active_selector,8,utility,0.25995444,0.00982097,640
uncertainty_active_selector,8,causal_mechanism_recall,0.54482501,0.00081894,640
uncertainty_active_selector,8,spurious_dependence_rate,0.30619182,0.00203493,640
uncertainty_active_selector,8,tail_failure_rate,0.13040176,0.00073036,640
uncertainty_active_selector,8,damage_rate,0.08185881,0.00041390,640
uncertainty_active_selector,8,selection_cost,0.23164094,0.00051318,640
uncertainty_active_selector,8,regret,0.22287896,0.00110751,640
uncertainty_active_selector,9,success_rate,0.55385742,0.00771556,640
uncertainty_active_selector,9,utility,0.26657464,0.00964648,640
uncertainty_active_selector,9,causal_mechanism_recall,0.54500262,0.00082533,640
uncertainty_active_selector,9,spurious_dependence_rate,0.30628102,0.00204493,640
uncertainty_active_selector,9,tail_failure_rate,0.13019859,0.00072677,640
uncertainty_active_selector,9,damage_rate,0.08177469,0.00041449,640
uncertainty_active_selector,9,selection_cost,0.23170942,0.00051765,640
uncertainty_active_selector,9,regret,0.22220928,0.00108326,640
