method,split,seed,mean_success_rate,ci95_success_rate,mean_causal_mechanism_recall,ci95_causal_mechanism_recall,mean_spurious_dependence_rate,ci95_spurious_dependence_rate,mean_tail_failure_rate,ci95_tail_failure_rate,mean_damage_rate,ci95_damage_rate,mean_selection_cost,ci95_selection_cost,mean_calibration_error,ci95_calibration_error,groups,episodes_per_group
diversity_coreset_selection,clean_budget,0,0.566667,0.021922,0.467611,0.004713,0.328564,0.005047,0.143473,0.002647,0.091603,0.000727,0.190353,0.001054,0.111424,0.001392,35,84
diversity_coreset_selection,clean_budget,1,0.560884,0.018270,0.467542,0.004792,0.328524,0.004926,0.144059,0.002429,0.091946,0.000720,0.190597,0.001051,0.111384,0.001400,35,84
diversity_coreset_selection,clean_budget,2,0.560884,0.025431,0.467930,0.004850,0.328140,0.004966,0.143991,0.002710,0.092122,0.000925,0.190783,0.001197,0.110882,0.001373,35,84
diversity_coreset_selection,clean_budget,3,0.572789,0.020865,0.468317,0.004793,0.328100,0.005085,0.143589,0.002520,0.091367,0.000968,0.190393,0.001024,0.110614,0.001267,35,84
diversity_coreset_selection,clean_budget,4,0.584014,0.026126,0.469163,0.004797,0.326688,0.004534,0.143575,0.002516,0.091514,0.001046,0.190238,0.001190,0.110781,0.001359,35,84
diversity_coreset_selection,clean_budget,5,0.553061,0.019589,0.470008,0.004802,0.326991,0.004572,0.144023,0.002277,0.092365,0.000927,0.190962,0.001113,0.110976,0.001376,35,84
diversity_coreset_selection,clean_budget,6,0.564626,0.022235,0.468566,0.004766,0.327294,0.004653,0.143882,0.002405,0.092330,0.000901,0.190803,0.001230,0.110942,0.001333,35,84
diversity_coreset_selection,combined_stress,0,0.451361,0.023806,0.448978,0.004850,0.377393,0.004992,0.162596,0.002757,0.096296,0.001157,0.202690,0.001086,0.125540,0.001254,35,84
diversity_coreset_selection,combined_stress,1,0.451361,0.020255,0.448932,0.004777,0.377028,0.004931,0.162541,0.002483,0.096486,0.000871,0.202659,0.001054,0.125736,0.001219,35,84
diversity_coreset_selection,combined_stress,2,0.458844,0.024674,0.448430,0.004739,0.377006,0.004931,0.162513,0.002536,0.096769,0.000859,0.202554,0.001144,0.126166,0.001219,35,84
diversity_coreset_selection,combined_stress,3,0.472789,0.021930,0.448841,0.004677,0.377327,0.004925,0.162085,0.002476,0.096910,0.000835,0.202383,0.001202,0.126144,0.001340,35,84
diversity_coreset_selection,combined_stress,4,0.465986,0.021879,0.449253,0.004668,0.377648,0.004996,0.162279,0.002579,0.096589,0.000847,0.202649,0.001192,0.126351,0.001260,35,84
diversity_coreset_selection,combined_stress,5,0.459524,0.024523,0.449665,0.004884,0.377625,0.004880,0.162441,0.002806,0.096704,0.000931,0.202455,0.001248,0.125867,0.001317,35,84
diversity_coreset_selection,combined_stress,6,0.450340,0.023751,0.449620,0.004881,0.377260,0.004627,0.162891,0.002697,0.097108,0.000831,0.202516,0.001033,0.125834,0.001391,35,84
diversity_coreset_selection,heldout_mechanism,0,0.502041,0.020638,0.455005,0.005178,0.359778,0.004794,0.154382,0.002663,0.094115,0.001041,0.197128,0.001266,0.119964,0.001211,35,84
diversity_coreset_selection,heldout_mechanism,1,0.510884,0.025495,0.455433,0.005002,0.359767,0.004723,0.154551,0.002701,0.094390,0.001138,0.197017,0.001088,0.120402,0.001216,35,84
diversity_coreset_selection,heldout_mechanism,2,0.497279,0.024743,0.455861,0.005093,0.359757,0.005010,0.154707,0.002776,0.094428,0.001000,0.197587,0.001088,0.120612,0.001265,35,84
diversity_coreset_selection,heldout_mechanism,3,0.494898,0.019090,0.454916,0.004881,0.360090,0.004986,0.154777,0.002477,0.094934,0.000968,0.198046,0.001067,0.120827,0.001325,35,84
diversity_coreset_selection,heldout_mechanism,4,0.506803,0.024015,0.455344,0.004793,0.359737,0.004931,0.154832,0.002636,0.094672,0.001085,0.197447,0.000964,0.121031,0.001336,35,84
diversity_coreset_selection,heldout_mechanism,5,0.487075,0.023979,0.456230,0.004796,0.359727,0.005134,0.155857,0.002591,0.094885,0.001058,0.197850,0.000919,0.121241,0.001353,35,84
diversity_coreset_selection,heldout_mechanism,6,0.491156,0.023183,0.456200,0.005015,0.359717,0.004886,0.155483,0.002322,0.094765,0.000960,0.198015,0.000915,0.120765,0.001352,35,84
diversity_coreset_selection,heldout_object,0,0.510204,0.021690,0.458873,0.005147,0.351570,0.005130,0.152082,0.002278,0.093718,0.000904,0.195697,0.000961,0.117848,0.001287,35,84
diversity_coreset_selection,heldout_object,1,0.497279,0.027791,0.459277,0.005070,0.350169,0.005262,0.152572,0.002511,0.093931,0.000911,0.195563,0.001146,0.118253,0.001291,35,84
diversity_coreset_selection,heldout_object,2,0.489116,0.020323,0.459681,0.005007,0.349798,0.004825,0.152987,0.002312,0.094308,0.000846,0.196068,0.001032,0.117758,0.001280,35,84
diversity_coreset_selection,heldout_object,3,0.509864,0.020460,0.460085,0.004766,0.349770,0.004977,0.151871,0.002412,0.094255,0.000931,0.196054,0.001027,0.117727,0.001088,35,84
diversity_coreset_selection,heldout_object,4,0.510544,0.020422,0.459116,0.004676,0.349399,0.004663,0.152249,0.002475,0.094225,0.000878,0.196241,0.001172,0.117233,0.001158,35,84
diversity_coreset_selection,heldout_object,5,0.518027,0.023065,0.459520,0.004607,0.349028,0.004640,0.152194,0.002511,0.094489,0.000906,0.196589,0.001185,0.117425,0.001205,35,84
diversity_coreset_selection,heldout_object,6,0.515646,0.019668,0.458552,0.004778,0.349686,0.004644,0.152502,0.002555,0.094094,0.001006,0.196121,0.001296,0.117862,0.001205,35,84
diversity_coreset_selection,small_budget,0,0.531973,0.019030,0.461830,0.004475,0.341091,0.005171,0.148732,0.002325,0.093916,0.001114,0.193058,0.001359,0.115058,0.001061,35,84
diversity_coreset_selection,small_budget,1,0.512925,0.018996,0.461304,0.004644,0.341394,0.005094,0.148823,0.002519,0.093821,0.001248,0.192977,0.001245,0.115025,0.001194,35,84
diversity_coreset_selection,small_budget,2,0.535714,0.021771,0.460319,0.005079,0.341011,0.005023,0.148300,0.002700,0.093286,0.001225,0.192707,0.001243,0.114980,0.001094,35,84
diversity_coreset_selection,small_budget,3,0.536395,0.019202,0.461165,0.005082,0.340971,0.005039,0.147777,0.002669,0.092976,0.001142,0.192886,0.001086,0.114940,0.001183,35,84
diversity_coreset_selection,small_budget,4,0.540476,0.021754,0.461095,0.005081,0.340588,0.004944,0.147816,0.002718,0.091705,0.000970,0.192802,0.000973,0.114895,0.001129,35,84
diversity_coreset_selection,small_budget,5,0.537075,0.023948,0.461940,0.005085,0.341234,0.004947,0.147917,0.002534,0.092224,0.000821,0.193251,0.000978,0.114867,0.001258,35,84
diversity_coreset_selection,small_budget,6,0.538095,0.019103,0.461871,0.005175,0.341880,0.004950,0.147886,0.002306,0.092190,0.000896,0.193427,0.001042,0.115296,0.001262,35,84
failure_mining_selection,clean_budget,0,0.579592,0.020489,0.489296,0.004450,0.297578,0.004551,0.128869,0.002103,0.083997,0.000827,0.224251,0.000946,0.104862,0.001137,35,84
failure_mining_selection,clean_budget,1,0.585374,0.024152,0.490118,0.004453,0.297863,0.004473,0.128659,0.002488,0.084061,0.000921,0.224595,0.001026,0.104587,0.001320,35,84
failure_mining_selection,clean_budget,2,0.580612,0.026093,0.489567,0.004555,0.298147,0.004440,0.129224,0.002537,0.084382,0.001087,0.224588,0.001252,0.104541,0.001378,35,84
failure_mining_selection,clean_budget,3,0.585034,0.018870,0.490388,0.004558,0.298089,0.004607,0.129490,0.002387,0.084489,0.000911,0.224489,0.001276,0.104947,0.001385,35,84
failure_mining_selection,clean_budget,4,0.580952,0.023930,0.489837,0.004588,0.298374,0.004805,0.129576,0.002701,0.084768,0.000946,0.224475,0.001368,0.104672,0.001339,35,84
failure_mining_selection,clean_budget,5,0.571429,0.023895,0.490201,0.004581,0.297630,0.004841,0.129987,0.002767,0.084910,0.001034,0.224287,0.001178,0.104152,0.001267,35,84
failure_mining_selection,clean_budget,6,0.598299,0.022563,0.490565,0.004695,0.297229,0.004565,0.128872,0.002875,0.084703,0.000948,0.223964,0.001201,0.104095,0.001207,35,84
failure_mining_selection,combined_stress,0,0.506122,0.025922,0.468450,0.005031,0.341397,0.004674,0.145762,0.002923,0.088726,0.001274,0.235291,0.001217,0.118707,0.001173,35,84
failure_mining_selection,combined_stress,1,0.477211,0.021946,0.469296,0.005034,0.342043,0.004678,0.146629,0.002692,0.089115,0.001212,0.235309,0.000975,0.118907,0.001178,35,84
failure_mining_selection,combined_stress,2,0.463946,0.026083,0.469226,0.005030,0.342003,0.004694,0.147210,0.002736,0.088236,0.000896,0.235856,0.000985,0.119096,0.001125,35,84
failure_mining_selection,combined_stress,3,0.483673,0.020938,0.470071,0.005033,0.341620,0.004595,0.146322,0.002387,0.088197,0.000932,0.236073,0.000971,0.119051,0.001250,35,84
failure_mining_selection,combined_stress,4,0.467687,0.024173,0.470002,0.005126,0.342266,0.004598,0.147258,0.002499,0.088561,0.000927,0.235962,0.001205,0.119252,0.001211,35,84
failure_mining_selection,combined_stress,5,0.497279,0.024836,0.470390,0.005019,0.342569,0.004529,0.146804,0.002448,0.088375,0.000880,0.236081,0.001190,0.119446,0.001195,35,84
failure_mining_selection,combined_stress,6,0.491156,0.026080,0.470778,0.004891,0.342872,0.004729,0.147194,0.002596,0.088725,0.000806,0.236099,0.001141,0.119412,0.001300,35,84
failure_mining_selection,heldout_mechanism,0,0.520068,0.020151,0.477982,0.004434,0.325325,0.004359,0.140732,0.002867,0.087218,0.001057,0.231391,0.001269,0.113536,0.001414,35,84
failure_mining_selection,heldout_mechanism,1,0.513605,0.024259,0.478386,0.004732,0.325640,0.004438,0.140682,0.002697,0.087100,0.000995,0.230506,0.001023,0.113281,0.001215,35,84
failure_mining_selection,heldout_mechanism,2,0.511565,0.025335,0.478332,0.004594,0.325612,0.004503,0.140478,0.002765,0.087558,0.001125,0.230721,0.001016,0.113250,0.001258,35,84
failure_mining_selection,heldout_mechanism,3,0.536735,0.020345,0.479194,0.004598,0.325584,0.004425,0.138772,0.002275,0.087153,0.000901,0.230434,0.000983,0.113676,0.001259,35,84
failure_mining_selection,heldout_mechanism,4,0.510884,0.022945,0.477768,0.004604,0.325556,0.004552,0.139740,0.002481,0.088158,0.001096,0.231115,0.001057,0.113645,0.001240,35,84
failure_mining_selection,heldout_mechanism,5,0.518027,0.020790,0.478172,0.004640,0.325871,0.004629,0.139968,0.002363,0.088013,0.001051,0.231238,0.000880,0.113848,0.001138,35,84
failure_mining_selection,heldout_mechanism,6,0.500000,0.019463,0.477661,0.005223,0.326529,0.004633,0.140517,0.002315,0.087945,0.001029,0.231612,0.000845,0.113828,0.001190,35,84
failure_mining_selection,heldout_object,0,0.530952,0.019794,0.480792,0.005029,0.317655,0.004359,0.136941,0.002252,0.087082,0.001045,0.229176,0.001091,0.110900,0.001154,35,84
failure_mining_selection,heldout_object,1,0.526190,0.020038,0.480714,0.004835,0.317952,0.004444,0.137285,0.002303,0.086712,0.001042,0.229634,0.001097,0.110862,0.001280,35,84
failure_mining_selection,heldout_object,2,0.527891,0.023817,0.481094,0.004664,0.318249,0.004442,0.137206,0.002516,0.086417,0.001034,0.229799,0.001067,0.111281,0.001283,35,84
failure_mining_selection,heldout_object,3,0.541497,0.022216,0.481474,0.004675,0.317516,0.004603,0.137161,0.002516,0.086306,0.001007,0.229616,0.001056,0.111227,0.001176,35,84
failure_mining_selection,heldout_object,4,0.545918,0.021605,0.481397,0.004520,0.318156,0.004607,0.137252,0.002473,0.086207,0.001090,0.229525,0.001235,0.111423,0.001159,35,84
failure_mining_selection,heldout_object,5,0.529932,0.022360,0.480862,0.004652,0.317767,0.004612,0.137660,0.002424,0.086956,0.001023,0.229867,0.001255,0.111603,0.001189,35,84
failure_mining_selection,heldout_object,6,0.546259,0.023329,0.480784,0.004658,0.318064,0.004578,0.137371,0.002484,0.086584,0.001009,0.229886,0.001219,0.111565,0.001237,35,84
failure_mining_selection,small_budget,0,0.547959,0.019962,0.485275,0.005128,0.309942,0.004661,0.134448,0.002577,0.085999,0.000971,0.227804,0.001228,0.108688,0.001373,35,84
failure_mining_selection,small_budget,1,0.551020,0.020662,0.484724,0.004945,0.310227,0.004698,0.134548,0.002614,0.085907,0.001056,0.227490,0.001102,0.108413,0.001390,35,84
failure_mining_selection,small_budget,2,0.541497,0.024451,0.484630,0.004807,0.309140,0.004230,0.134709,0.002672,0.086251,0.001161,0.226616,0.001305,0.108802,0.001389,35,84
failure_mining_selection,small_budget,3,0.562585,0.023024,0.484537,0.004840,0.309425,0.004188,0.133811,0.002320,0.085967,0.001135,0.226579,0.001257,0.108070,0.001268,35,84
failure_mining_selection,small_budget,4,0.552041,0.019722,0.483986,0.005092,0.310053,0.004190,0.133427,0.002463,0.085902,0.001034,0.226401,0.001158,0.108029,0.001194,35,84
failure_mining_selection,small_budget,5,0.556463,0.017121,0.483892,0.004874,0.309995,0.004441,0.133236,0.002450,0.085982,0.001072,0.226531,0.001094,0.107978,0.001128,35,84
failure_mining_selection,small_budget,6,0.550000,0.018983,0.483341,0.004964,0.309937,0.004275,0.133371,0.002381,0.086070,0.001051,0.226998,0.001119,0.108383,0.001126,35,84
influence_selection,clean_budget,0,0.625510,0.022603,0.541283,0.005089,0.248241,0.004154,0.107657,0.002344,0.073487,0.000969,0.245478,0.000969,0.084163,0.001346,35,84
influence_selection,clean_budget,1,0.635034,0.018423,0.542064,0.005093,0.248839,0.004157,0.106878,0.002132,0.072976,0.000898,0.245308,0.001066,0.084559,0.001349,35,84
influence_selection,clean_budget,2,0.632313,0.018518,0.541016,0.005464,0.249437,0.004160,0.107152,0.002153,0.072772,0.000934,0.245260,0.001286,0.084040,0.001301,35,84
influence_selection,clean_budget,3,0.647279,0.021773,0.540425,0.005293,0.249006,0.004113,0.106601,0.002419,0.072586,0.001126,0.245493,0.001305,0.084191,0.001286,35,84
influence_selection,clean_budget,4,0.621088,0.019023,0.540749,0.005260,0.248918,0.004151,0.107306,0.002603,0.073083,0.001011,0.245223,0.001385,0.084577,0.001287,35,84
influence_selection,clean_budget,5,0.630272,0.020759,0.540158,0.005186,0.249173,0.004077,0.107430,0.002589,0.072849,0.000969,0.245514,0.001379,0.084281,0.001300,35,84
influence_selection,clean_budget,6,0.640816,0.018951,0.539567,0.004951,0.249428,0.004273,0.106826,0.002559,0.072315,0.001008,0.244876,0.001301,0.083986,0.001313,35,84
influence_selection,combined_stress,0,0.550000,0.024139,0.521170,0.004712,0.284626,0.004169,0.123808,0.002533,0.075803,0.000997,0.256905,0.001082,0.097568,0.001056,35,84
influence_selection,combined_stress,1,0.543197,0.024854,0.521518,0.004916,0.284899,0.004358,0.124196,0.002308,0.076374,0.000997,0.257368,0.001042,0.097743,0.001042,35,84
influence_selection,combined_stress,2,0.551361,0.028534,0.521866,0.004848,0.284486,0.004157,0.124319,0.002493,0.076149,0.000787,0.257223,0.001054,0.098135,0.001038,35,84
influence_selection,combined_stress,3,0.547619,0.021023,0.522671,0.004852,0.284073,0.003861,0.124342,0.002397,0.076385,0.000698,0.257427,0.000977,0.098069,0.001261,35,84
influence_selection,combined_stress,4,0.545918,0.019561,0.523019,0.004607,0.283317,0.003902,0.124281,0.002336,0.076334,0.000796,0.257610,0.001100,0.098227,0.001284,35,84
influence_selection,combined_stress,5,0.544218,0.019803,0.522910,0.004329,0.283590,0.003715,0.124515,0.002327,0.076794,0.000854,0.257793,0.001210,0.097716,0.001315,35,84
influence_selection,combined_stress,6,0.545238,0.020667,0.523257,0.004598,0.283520,0.003682,0.124646,0.002457,0.077182,0.000826,0.258177,0.001197,0.098113,0.001318,35,84
influence_selection,heldout_mechanism,0,0.577551,0.021139,0.527853,0.005057,0.271126,0.003849,0.117341,0.002495,0.074889,0.001046,0.252588,0.000910,0.092844,0.001128,35,84
influence_selection,heldout_mechanism,1,0.586735,0.027268,0.527759,0.004813,0.271068,0.003757,0.117464,0.002612,0.074207,0.001158,0.252670,0.000895,0.093021,0.001113,35,84
influence_selection,heldout_mechanism,2,0.564966,0.020635,0.528581,0.004815,0.271010,0.003995,0.118059,0.002251,0.074858,0.001013,0.253062,0.000894,0.092969,0.001187,35,84
influence_selection,heldout_mechanism,3,0.565986,0.018851,0.528487,0.004421,0.271295,0.003919,0.118450,0.002246,0.074595,0.000798,0.253226,0.001005,0.093151,0.001147,35,84
influence_selection,heldout_mechanism,4,0.584694,0.026263,0.529308,0.004424,0.271580,0.003887,0.117852,0.002307,0.074606,0.000901,0.253441,0.001031,0.092877,0.001323,35,84
influence_selection,heldout_mechanism,5,0.563946,0.021689,0.528758,0.004528,0.271865,0.003970,0.118667,0.002397,0.075033,0.000948,0.253823,0.001128,0.092830,0.001384,35,84
influence_selection,heldout_mechanism,6,0.590476,0.018920,0.529579,0.004532,0.271807,0.004249,0.118270,0.002255,0.074887,0.000949,0.253503,0.001251,0.093007,0.001310,35,84
influence_selection,heldout_object,0,0.600680,0.020164,0.532863,0.004582,0.264695,0.004214,0.115736,0.002506,0.074411,0.001005,0.251122,0.001154,0.090413,0.001164,35,84
influence_selection,heldout_object,1,0.600340,0.023398,0.533661,0.004586,0.265305,0.004218,0.115948,0.002565,0.074394,0.001050,0.251059,0.001181,0.090589,0.001279,35,84
influence_selection,heldout_object,2,0.588776,0.018680,0.532628,0.004725,0.265229,0.004135,0.115766,0.002496,0.074781,0.001025,0.251336,0.001199,0.090754,0.001309,35,84
influence_selection,heldout_object,3,0.587755,0.019792,0.532968,0.004689,0.264124,0.003994,0.115429,0.002435,0.074913,0.001075,0.251280,0.001208,0.090902,0.001356,35,84
influence_selection,heldout_object,4,0.581973,0.023329,0.532393,0.004817,0.264391,0.003913,0.115782,0.002643,0.075229,0.001114,0.251042,0.001242,0.090843,0.001463,35,84
influence_selection,heldout_object,5,0.575170,0.024308,0.532733,0.004697,0.264657,0.003903,0.116165,0.002599,0.074881,0.001113,0.251043,0.001233,0.091014,0.001441,35,84
influence_selection,heldout_object,6,0.598299,0.016215,0.532158,0.005065,0.265267,0.003906,0.115215,0.002213,0.074553,0.001018,0.250288,0.001151,0.091189,0.001370,35,84
influence_selection,small_budget,0,0.619388,0.019615,0.534094,0.004910,0.258848,0.003874,0.111458,0.002597,0.072313,0.000948,0.248336,0.001170,0.087749,0.001243,35,84
influence_selection,small_budget,1,0.599320,0.024722,0.534875,0.004913,0.258760,0.003876,0.112209,0.002729,0.072918,0.000976,0.248919,0.001203,0.087219,0.001231,35,84
influence_selection,small_budget,2,0.611565,0.019536,0.534742,0.004593,0.258329,0.003647,0.111739,0.002400,0.072792,0.000883,0.248722,0.001020,0.086913,0.000985,35,84
influence_selection,small_budget,3,0.616667,0.021955,0.534608,0.004466,0.258241,0.003764,0.111734,0.002335,0.072848,0.000868,0.249054,0.001011,0.087070,0.000936,35,84
influence_selection,small_budget,4,0.601361,0.019659,0.535390,0.004469,0.257467,0.003685,0.112068,0.002317,0.073309,0.000845,0.249361,0.001058,0.087215,0.001050,35,84
influence_selection,small_budget,5,0.630612,0.022011,0.536171,0.004472,0.257722,0.003639,0.111590,0.002391,0.072866,0.000890,0.249222,0.001092,0.087148,0.001122,35,84
influence_selection,small_budget,6,0.602381,0.020047,0.536952,0.004476,0.257633,0.003653,0.112585,0.002234,0.073421,0.000899,0.248972,0.001008,0.087534,0.001123,35,84
invariant_risk_selection,clean_budget,0,0.638095,0.019445,0.563553,0.004944,0.215986,0.003702,0.096638,0.002488,0.064852,0.000943,0.235349,0.001203,0.075120,0.001193,35,84
invariant_risk_selection,clean_budget,1,0.653401,0.020196,0.563917,0.005127,0.215585,0.003879,0.095640,0.002441,0.064654,0.001004,0.235599,0.001242,0.075291,0.001192,35,84
invariant_risk_selection,clean_budget,2,0.641837,0.024320,0.563824,0.004926,0.216213,0.003883,0.095973,0.002411,0.064881,0.001037,0.235660,0.001232,0.075708,0.001193,35,84
invariant_risk_selection,clean_budget,3,0.647959,0.018030,0.564188,0.005157,0.216154,0.003791,0.095960,0.002288,0.064480,0.000921,0.235544,0.001186,0.075428,0.001263,35,84
invariant_risk_selection,clean_budget,4,0.650000,0.017356,0.564094,0.005077,0.216439,0.003829,0.095863,0.002451,0.064168,0.000982,0.235240,0.001090,0.075382,0.001367,35,84
invariant_risk_selection,clean_budget,5,0.651020,0.023544,0.564001,0.004898,0.216038,0.003392,0.095980,0.002459,0.064551,0.001003,0.235175,0.001124,0.075324,0.001382,35,84
invariant_risk_selection,clean_budget,6,0.642177,0.021622,0.563907,0.004856,0.215637,0.003320,0.095707,0.002271,0.064879,0.000945,0.234751,0.001216,0.075039,0.001255,35,84
invariant_risk_selection,combined_stress,0,0.582993,0.018387,0.544994,0.004878,0.247549,0.003822,0.111954,0.002397,0.067317,0.000716,0.247578,0.001130,0.089683,0.001382,35,84
invariant_risk_selection,combined_stress,1,0.575850,0.023276,0.544467,0.004769,0.248195,0.003826,0.112396,0.002493,0.067703,0.000818,0.247378,0.001095,0.090112,0.001385,35,84
invariant_risk_selection,combined_stress,2,0.573129,0.024670,0.544855,0.004734,0.247126,0.003745,0.112823,0.002547,0.068169,0.000833,0.247591,0.001073,0.089599,0.001408,35,84
invariant_risk_selection,combined_stress,3,0.572109,0.028295,0.545243,0.004791,0.247086,0.003869,0.112809,0.002561,0.067923,0.000884,0.247788,0.001151,0.089330,0.001275,35,84
invariant_risk_selection,combined_stress,4,0.559184,0.024038,0.545631,0.004732,0.246360,0.003536,0.113106,0.002552,0.068139,0.001009,0.247645,0.001079,0.089280,0.001252,35,84
invariant_risk_selection,combined_stress,5,0.560884,0.022813,0.546476,0.004737,0.246319,0.003341,0.113467,0.002343,0.068320,0.000948,0.247586,0.001109,0.089241,0.001358,35,84
invariant_risk_selection,combined_stress,6,0.564286,0.023784,0.546407,0.004948,0.246279,0.003445,0.112863,0.002410,0.068408,0.001034,0.247966,0.001179,0.089659,0.001363,35,84
invariant_risk_selection,heldout_mechanism,0,0.596599,0.023910,0.551324,0.005388,0.236649,0.003729,0.105669,0.002324,0.066608,0.001112,0.242538,0.000817,0.084595,0.001166,35,84
invariant_risk_selection,heldout_mechanism,1,0.596939,0.023821,0.550813,0.005378,0.236621,0.003818,0.106080,0.002343,0.066827,0.001046,0.242729,0.000832,0.084792,0.001174,35,84
invariant_risk_selection,heldout_mechanism,2,0.596939,0.021669,0.551217,0.005319,0.236936,0.003824,0.106066,0.002171,0.066811,0.001060,0.242923,0.000938,0.084309,0.001276,35,84
invariant_risk_selection,heldout_mechanism,3,0.605782,0.018144,0.551621,0.005145,0.236908,0.003920,0.105993,0.002071,0.065916,0.000766,0.242800,0.000944,0.084735,0.001280,35,84
invariant_risk_selection,heldout_mechanism,4,0.593878,0.018885,0.551568,0.004999,0.235508,0.004052,0.106453,0.002251,0.066334,0.000833,0.242884,0.001068,0.084225,0.001275,35,84
invariant_risk_selection,heldout_mechanism,5,0.609184,0.020190,0.552429,0.005002,0.235136,0.003626,0.105935,0.002275,0.066186,0.000944,0.242925,0.001084,0.084188,0.001073,35,84
invariant_risk_selection,heldout_mechanism,6,0.610884,0.021745,0.551461,0.004421,0.235108,0.003769,0.105847,0.002208,0.066348,0.000814,0.243102,0.001140,0.083928,0.001181,35,84
invariant_risk_selection,heldout_object,0,0.622449,0.020372,0.555049,0.004645,0.230159,0.003318,0.103336,0.002464,0.065845,0.000949,0.240859,0.001162,0.082206,0.001207,35,84
invariant_risk_selection,heldout_object,1,0.609524,0.021746,0.554971,0.004785,0.229427,0.003480,0.103629,0.002548,0.066285,0.000941,0.240713,0.001104,0.081923,0.001159,35,84
invariant_risk_selection,heldout_object,2,0.609524,0.020623,0.555351,0.004627,0.230067,0.003483,0.103853,0.002605,0.065825,0.000921,0.240438,0.001244,0.082119,0.001216,35,84
invariant_risk_selection,heldout_object,3,0.618367,0.020403,0.554816,0.004746,0.230364,0.003562,0.103103,0.002421,0.065803,0.000757,0.240760,0.001235,0.082081,0.001300,35,84
invariant_risk_selection,heldout_object,4,0.603401,0.025752,0.555196,0.004993,0.230318,0.003473,0.103273,0.002543,0.066073,0.001065,0.241092,0.001214,0.082267,0.001313,35,84
invariant_risk_selection,heldout_object,5,0.613605,0.018234,0.555119,0.005126,0.229242,0.003971,0.103308,0.002367,0.066023,0.000838,0.240943,0.001182,0.081978,0.001276,35,84
invariant_risk_selection,heldout_object,6,0.616667,0.017711,0.555041,0.004956,0.229539,0.003802,0.103417,0.002478,0.065711,0.000965,0.240865,0.001278,0.081254,0.001259,35,84
invariant_risk_selection,small_budget,0,0.633333,0.019127,0.557702,0.004944,0.224522,0.003539,0.099103,0.002473,0.064852,0.001007,0.238177,0.001162,0.079113,0.001104,35,84
invariant_risk_selection,small_budget,1,0.627551,0.021593,0.557151,0.004835,0.224464,0.003446,0.099447,0.002393,0.064940,0.001028,0.238180,0.000900,0.079290,0.001123,35,84
invariant_risk_selection,small_budget,2,0.639456,0.018734,0.557972,0.004837,0.224406,0.003683,0.099488,0.002518,0.064427,0.000912,0.238235,0.000843,0.079238,0.001059,35,84
invariant_risk_selection,small_budget,3,0.623469,0.021370,0.557879,0.004443,0.224690,0.003609,0.099932,0.002195,0.064965,0.000869,0.238569,0.000916,0.079192,0.001139,35,84
invariant_risk_selection,small_budget,4,0.627891,0.020187,0.558700,0.004446,0.224975,0.003577,0.100220,0.002182,0.064857,0.000736,0.238698,0.000958,0.079375,0.001190,35,84
invariant_risk_selection,small_budget,5,0.636395,0.014861,0.558607,0.004708,0.225260,0.003661,0.099929,0.002086,0.065090,0.000725,0.239016,0.000949,0.079100,0.001360,35,84
invariant_risk_selection,small_budget,6,0.645238,0.020061,0.558971,0.004553,0.225202,0.003935,0.099834,0.002249,0.064859,0.000915,0.238873,0.001194,0.079277,0.001387,35,84
label_balanced_selection,clean_budget,0,0.501020,0.024074,0.408500,0.004548,0.402855,0.005433,0.168955,0.002808,0.108260,0.001120,0.163007,0.001259,0.131490,0.001350,35,84
label_balanced_selection,clean_budget,1,0.492517,0.022557,0.407949,0.004576,0.403140,0.005522,0.169174,0.002670,0.108636,0.000828,0.162808,0.001109,0.130986,0.001325,35,84
label_balanced_selection,clean_budget,2,0.490816,0.020959,0.408313,0.004569,0.403082,0.005803,0.168709,0.002666,0.108593,0.000969,0.162999,0.001256,0.130935,0.001229,35,84
label_balanced_selection,clean_budget,3,0.490136,0.020815,0.408220,0.005022,0.403024,0.005800,0.168671,0.002524,0.108784,0.000977,0.163180,0.001216,0.131112,0.001222,35,84
label_balanced_selection,clean_budget,4,0.505782,0.021568,0.407669,0.005137,0.401937,0.005562,0.168076,0.002693,0.108351,0.001093,0.163198,0.001300,0.131501,0.001217,35,84
label_balanced_selection,clean_budget,5,0.487415,0.021791,0.407575,0.004938,0.401879,0.005556,0.169026,0.002704,0.108955,0.001093,0.163327,0.001259,0.131221,0.001287,35,84
label_balanced_selection,clean_budget,6,0.503401,0.025119,0.407939,0.005170,0.402163,0.005753,0.168510,0.002871,0.108110,0.001079,0.162883,0.001193,0.131403,0.001395,35,84
label_balanced_selection,combined_stress,0,0.370408,0.020014,0.388112,0.005024,0.462449,0.005697,0.188130,0.002458,0.113220,0.000926,0.175076,0.001193,0.146044,0.001213,35,84
label_balanced_selection,combined_stress,1,0.382653,0.027428,0.388042,0.005117,0.462066,0.005598,0.187923,0.002784,0.112914,0.001069,0.175368,0.001267,0.146228,0.001193,35,84
label_balanced_selection,combined_stress,2,0.356803,0.028705,0.388430,0.005011,0.462712,0.005601,0.188698,0.002937,0.113923,0.000971,0.175584,0.001154,0.146428,0.001249,35,84
label_balanced_selection,combined_stress,3,0.371429,0.022794,0.388818,0.004885,0.463358,0.005605,0.188716,0.002724,0.113848,0.000893,0.175624,0.001086,0.146400,0.001413,35,84
label_balanced_selection,combined_stress,4,0.369388,0.031122,0.388748,0.004666,0.463661,0.005533,0.188754,0.002891,0.114096,0.000933,0.175830,0.001173,0.146366,0.001415,35,84
label_balanced_selection,combined_stress,5,0.365986,0.023555,0.388679,0.004746,0.463621,0.005734,0.189040,0.002662,0.114374,0.000796,0.175593,0.001146,0.145869,0.001396,35,84
label_balanced_selection,combined_stress,6,0.362585,0.026584,0.389067,0.004803,0.463580,0.005555,0.189325,0.002740,0.114651,0.000956,0.175584,0.001150,0.145601,0.001282,35,84
label_balanced_selection,heldout_mechanism,0,0.424830,0.024082,0.397186,0.004586,0.440194,0.005506,0.179882,0.002402,0.111865,0.001054,0.170085,0.001019,0.140317,0.001239,35,84
label_balanced_selection,heldout_mechanism,1,0.421088,0.025220,0.395760,0.004594,0.440166,0.005426,0.179958,0.002570,0.112374,0.000992,0.170317,0.000906,0.140514,0.001136,35,84
label_balanced_selection,heldout_mechanism,2,0.430952,0.023757,0.396164,0.004628,0.440481,0.005347,0.180105,0.002397,0.112170,0.001183,0.170412,0.000811,0.140946,0.001140,35,84
label_balanced_selection,heldout_mechanism,3,0.411224,0.024730,0.395653,0.005213,0.440796,0.005557,0.180911,0.002502,0.112140,0.001122,0.170803,0.000921,0.140920,0.001195,35,84
label_balanced_selection,heldout_mechanism,4,0.423469,0.024710,0.394685,0.005389,0.441111,0.005635,0.180758,0.002318,0.112099,0.001095,0.170646,0.000947,0.140666,0.001282,35,84
label_balanced_selection,heldout_mechanism,5,0.412245,0.022065,0.395089,0.005331,0.441426,0.005723,0.181310,0.002287,0.112341,0.001223,0.170495,0.001083,0.140869,0.001305,35,84
label_balanced_selection,heldout_mechanism,6,0.431973,0.028224,0.395493,0.005156,0.441741,0.005724,0.180932,0.002604,0.110993,0.000984,0.170492,0.001152,0.141072,0.001295,35,84
label_balanced_selection,heldout_object,0,0.447959,0.021941,0.399538,0.004664,0.429985,0.005442,0.177160,0.002606,0.110545,0.000977,0.168434,0.001271,0.138098,0.001168,35,84
label_balanced_selection,heldout_object,1,0.445578,0.022049,0.399461,0.004510,0.429253,0.005603,0.177594,0.002576,0.110555,0.001157,0.168639,0.001258,0.138272,0.001193,35,84
label_balanced_selection,heldout_object,2,0.438435,0.023981,0.398926,0.004646,0.429893,0.005606,0.177575,0.002844,0.111137,0.001143,0.168435,0.001153,0.138468,0.001231,35,84
label_balanced_selection,heldout_object,3,0.425850,0.019205,0.398849,0.004652,0.430190,0.005575,0.178154,0.002692,0.111167,0.001072,0.168515,0.001137,0.138201,0.001133,35,84
label_balanced_selection,heldout_object,4,0.451020,0.026780,0.399229,0.004576,0.429801,0.005574,0.177555,0.002875,0.110804,0.001117,0.168216,0.001268,0.138152,0.001247,35,84
label_balanced_selection,heldout_object,5,0.429592,0.023144,0.399151,0.004635,0.429755,0.005205,0.177920,0.002607,0.110757,0.000861,0.168612,0.001259,0.138566,0.001242,35,84
label_balanced_selection,heldout_object,6,0.452041,0.019639,0.399531,0.004920,0.429022,0.005366,0.176923,0.002650,0.110412,0.000885,0.168570,0.001224,0.138512,0.001331,35,84
label_balanced_selection,small_budget,0,0.467687,0.025961,0.402649,0.004830,0.418170,0.005230,0.172946,0.002726,0.109847,0.001090,0.165205,0.001131,0.134677,0.001202,35,84
label_balanced_selection,small_budget,1,0.486054,0.023264,0.402098,0.005082,0.418798,0.005233,0.172610,0.002799,0.109435,0.001233,0.165424,0.001192,0.134865,0.001141,35,84
label_balanced_selection,small_budget,2,0.468367,0.017920,0.401547,0.005057,0.419083,0.005190,0.172647,0.002548,0.109983,0.001147,0.165775,0.001037,0.135047,0.001131,35,84
label_balanced_selection,small_budget,3,0.459184,0.020920,0.401454,0.004954,0.419025,0.005440,0.173321,0.002590,0.110158,0.001183,0.166041,0.000912,0.135224,0.001157,35,84
label_balanced_selection,small_budget,4,0.468707,0.025508,0.401360,0.005040,0.418967,0.005271,0.173435,0.002601,0.109468,0.001135,0.166120,0.000806,0.135401,0.001134,35,84
label_balanced_selection,small_budget,5,0.466667,0.023388,0.401724,0.004845,0.418909,0.005437,0.173437,0.002441,0.109003,0.001084,0.166085,0.001031,0.135578,0.001087,35,84
label_balanced_selection,small_budget,6,0.445918,0.019798,0.402088,0.004634,0.418851,0.005345,0.174230,0.002238,0.109645,0.000903,0.166695,0.000994,0.135298,0.001219,35,84
oracle_interventional_selector,clean_budget,0,0.794898,0.017247,0.730928,0.004796,0.053286,0.001952,0.029829,0.002162,0.020243,0.000850,0.167938,0.001226,0.035710,0.001071,35,84
oracle_interventional_selector,clean_budget,1,0.800000,0.016143,0.729967,0.004262,0.052921,0.002259,0.029622,0.002060,0.020322,0.000801,0.167399,0.001170,0.035677,0.001056,35,84
oracle_interventional_selector,clean_budget,2,0.799660,0.017985,0.729465,0.004327,0.052556,0.002318,0.029577,0.002099,0.020519,0.000969,0.167600,0.001179,0.036102,0.001056,35,84
oracle_interventional_selector,clean_budget,3,0.811905,0.019762,0.728504,0.004626,0.053220,0.002322,0.028765,0.002231,0.019311,0.001029,0.167219,0.001070,0.035629,0.001290,35,84
oracle_interventional_selector,clean_budget,4,0.813605,0.016005,0.728002,0.005090,0.053198,0.002109,0.028911,0.002178,0.019491,0.001042,0.167171,0.001108,0.035602,0.001381,35,84
oracle_interventional_selector,clean_budget,5,0.811224,0.016350,0.728871,0.005093,0.052490,0.002232,0.028676,0.002053,0.018791,0.001004,0.167393,0.001071,0.035335,0.001202,35,84
oracle_interventional_selector,clean_budget,6,0.809524,0.016458,0.728368,0.005094,0.052811,0.002404,0.028946,0.002124,0.018372,0.000998,0.167836,0.001106,0.035542,0.001299,35,84
oracle_interventional_selector,combined_stress,0,0.775510,0.021690,0.712220,0.004629,0.059823,0.002244,0.042831,0.002288,0.021134,0.000833,0.178592,0.001039,0.049341,0.001026,35,84
oracle_interventional_selector,combined_stress,1,0.775850,0.018732,0.711284,0.005050,0.060162,0.002281,0.042824,0.002050,0.021585,0.000820,0.178570,0.000910,0.049789,0.001026,35,84
oracle_interventional_selector,combined_stress,2,0.779592,0.017905,0.710348,0.005088,0.059129,0.002204,0.042397,0.002114,0.021666,0.000957,0.178972,0.000997,0.049758,0.001118,35,84
oracle_interventional_selector,combined_stress,3,0.777551,0.018715,0.709869,0.004933,0.059467,0.002175,0.042461,0.001947,0.021255,0.000966,0.179202,0.000886,0.049749,0.001249,35,84
oracle_interventional_selector,combined_stress,4,0.770408,0.014651,0.710305,0.004871,0.059463,0.001972,0.043114,0.001863,0.021197,0.000859,0.179026,0.001039,0.049734,0.001258,35,84
oracle_interventional_selector,combined_stress,5,0.782653,0.018899,0.710741,0.004784,0.059802,0.002172,0.042979,0.001875,0.020717,0.000975,0.178885,0.001046,0.049724,0.001136,35,84
oracle_interventional_selector,combined_stress,6,0.771429,0.015828,0.710719,0.004820,0.059798,0.002347,0.043068,0.002080,0.020936,0.000836,0.178978,0.001047,0.049710,0.001238,35,84
oracle_interventional_selector,heldout_mechanism,0,0.788435,0.015691,0.717487,0.004889,0.058340,0.002363,0.037790,0.002106,0.020768,0.000804,0.174628,0.001078,0.044100,0.001316,35,84
oracle_interventional_selector,heldout_mechanism,1,0.779932,0.018851,0.717939,0.004958,0.058348,0.002379,0.038035,0.002084,0.021179,0.000827,0.175160,0.001107,0.044551,0.001316,35,84
oracle_interventional_selector,heldout_mechanism,2,0.801020,0.017782,0.717933,0.004956,0.057327,0.002586,0.037325,0.002287,0.019990,0.000975,0.175167,0.001124,0.044299,0.001132,35,84
oracle_interventional_selector,heldout_mechanism,3,0.774490,0.014631,0.717928,0.004864,0.057335,0.002454,0.038568,0.002160,0.020822,0.000846,0.175879,0.001112,0.044064,0.001128,35,84
oracle_interventional_selector,heldout_mechanism,4,0.791156,0.015611,0.718380,0.004787,0.056999,0.002652,0.038264,0.002125,0.020684,0.000806,0.175244,0.001130,0.044052,0.001178,35,84
oracle_interventional_selector,heldout_mechanism,5,0.780952,0.017669,0.718832,0.004654,0.056321,0.002380,0.038973,0.002151,0.020676,0.000840,0.174650,0.001097,0.044492,0.001173,35,84
oracle_interventional_selector,heldout_mechanism,6,0.777891,0.013860,0.718369,0.004554,0.057015,0.002382,0.038642,0.002175,0.020967,0.000981,0.174669,0.001121,0.044267,0.001280,35,84
oracle_interventional_selector,heldout_object,0,0.791156,0.013774,0.721498,0.004601,0.056086,0.002152,0.036340,0.001931,0.020354,0.000840,0.173095,0.001272,0.041923,0.001063,35,84
oracle_interventional_selector,heldout_object,1,0.799660,0.015230,0.721926,0.004685,0.055390,0.002307,0.035788,0.002261,0.020112,0.000904,0.172988,0.001365,0.041436,0.001156,35,84
oracle_interventional_selector,heldout_object,2,0.799660,0.016828,0.720982,0.005140,0.055037,0.002277,0.035285,0.002289,0.020283,0.000809,0.172279,0.001266,0.041640,0.001101,35,84
oracle_interventional_selector,heldout_object,3,0.792857,0.013330,0.720495,0.004991,0.055370,0.002105,0.035717,0.002445,0.020671,0.000930,0.171867,0.001187,0.041856,0.001142,35,84
oracle_interventional_selector,heldout_object,4,0.782993,0.016626,0.720466,0.004925,0.055016,0.002131,0.035281,0.002242,0.020586,0.000888,0.172400,0.001198,0.041831,0.001171,35,84
oracle_interventional_selector,heldout_object,5,0.781633,0.020847,0.719979,0.005213,0.055692,0.002135,0.034886,0.002241,0.020370,0.001003,0.172391,0.001175,0.041823,0.001114,35,84
oracle_interventional_selector,heldout_object,6,0.772449,0.017292,0.720864,0.005217,0.056025,0.002113,0.035618,0.002215,0.020137,0.000939,0.172231,0.000993,0.041810,0.001190,35,84
oracle_interventional_selector,small_budget,0,0.800000,0.017503,0.724303,0.004898,0.053667,0.002284,0.033368,0.001902,0.019667,0.000798,0.170738,0.001064,0.039872,0.001179,35,84
oracle_interventional_selector,small_budget,1,0.791156,0.016960,0.724257,0.004713,0.053645,0.002268,0.033602,0.001976,0.020291,0.000762,0.171253,0.001117,0.039845,0.001294,35,84
oracle_interventional_selector,small_budget,2,0.791156,0.018631,0.725127,0.004716,0.053966,0.002248,0.033363,0.002233,0.020037,0.000819,0.171222,0.001141,0.040281,0.001298,35,84
oracle_interventional_selector,small_budget,3,0.795238,0.014967,0.725081,0.004921,0.054287,0.002310,0.033459,0.002156,0.019950,0.000724,0.171150,0.001131,0.039573,0.001281,35,84
oracle_interventional_selector,small_budget,4,0.802381,0.018479,0.725493,0.004672,0.054608,0.002242,0.033464,0.002094,0.020024,0.000707,0.171048,0.000943,0.039780,0.001306,35,84
oracle_interventional_selector,small_budget,5,0.789116,0.017392,0.725448,0.004897,0.054243,0.002072,0.033579,0.002072,0.020490,0.000828,0.170693,0.001020,0.039061,0.001167,35,84
oracle_interventional_selector,small_budget,6,0.797959,0.019824,0.725859,0.004920,0.054221,0.001968,0.033281,0.001939,0.020271,0.000870,0.170802,0.001072,0.039034,0.001036,35,84
proposed_causal_mechanism_selector,clean_budget,0,0.731973,0.016244,0.651884,0.004866,0.114678,0.003118,0.061051,0.002058,0.039501,0.000828,0.210682,0.001166,0.055039,0.001200,35,84
proposed_causal_mechanism_selector,clean_budget,1,0.708503,0.019959,0.652785,0.004870,0.115365,0.003121,0.061328,0.002179,0.040233,0.000875,0.210902,0.001222,0.054353,0.001310,35,84
proposed_causal_mechanism_selector,clean_budget,2,0.728912,0.022476,0.653229,0.004862,0.114681,0.002941,0.060885,0.002450,0.039539,0.000839,0.210912,0.001233,0.054332,0.001221,35,84
proposed_causal_mechanism_selector,clean_budget,3,0.726190,0.015034,0.653215,0.004651,0.115026,0.002917,0.060974,0.002299,0.040062,0.000699,0.210467,0.001126,0.054326,0.001269,35,84
proposed_causal_mechanism_selector,clean_budget,4,0.728571,0.016480,0.653659,0.004662,0.114342,0.002749,0.061072,0.002231,0.040218,0.000756,0.210200,0.001170,0.054762,0.001269,35,84
proposed_causal_mechanism_selector,clean_budget,5,0.723129,0.018057,0.653188,0.004877,0.114001,0.002604,0.060741,0.002198,0.040517,0.000891,0.210240,0.001131,0.054517,0.001368,35,84
proposed_causal_mechanism_selector,clean_budget,6,0.732993,0.017279,0.653632,0.004771,0.114003,0.002367,0.060202,0.002323,0.040281,0.000849,0.209898,0.001154,0.053821,0.001152,35,84
proposed_causal_mechanism_selector,combined_stress,0,0.685714,0.020206,0.631858,0.004888,0.130954,0.003032,0.075519,0.001958,0.042529,0.001131,0.222318,0.001169,0.069082,0.001436,35,84
proposed_causal_mechanism_selector,combined_stress,1,0.676190,0.022470,0.630954,0.004578,0.130974,0.002884,0.075803,0.002452,0.042513,0.000909,0.222411,0.001212,0.068855,0.001428,35,84
proposed_causal_mechanism_selector,combined_stress,2,0.661224,0.022400,0.631879,0.004581,0.129965,0.002917,0.076412,0.002345,0.041905,0.000941,0.222558,0.001123,0.068840,0.001328,35,84
proposed_causal_mechanism_selector,combined_stress,3,0.673469,0.020298,0.632804,0.004585,0.130328,0.002877,0.076066,0.002362,0.041657,0.000698,0.221975,0.001120,0.068847,0.001240,35,84
proposed_causal_mechanism_selector,combined_stress,4,0.680272,0.018001,0.633272,0.004460,0.130348,0.002674,0.075860,0.002286,0.041514,0.000832,0.221904,0.001053,0.068162,0.001131,35,84
proposed_causal_mechanism_selector,combined_stress,5,0.666667,0.023333,0.634197,0.004464,0.129338,0.002600,0.075743,0.002338,0.042207,0.000840,0.222038,0.001241,0.068376,0.001014,35,84
proposed_causal_mechanism_selector,combined_stress,6,0.677891,0.015976,0.635123,0.004467,0.129701,0.002628,0.075427,0.002022,0.042210,0.000712,0.221694,0.001081,0.068383,0.000988,35,84
proposed_causal_mechanism_selector,heldout_mechanism,0,0.683673,0.016631,0.640227,0.004915,0.123659,0.002626,0.070500,0.002425,0.042211,0.000990,0.217997,0.001175,0.063698,0.001345,35,84
proposed_causal_mechanism_selector,heldout_mechanism,1,0.683333,0.018380,0.640711,0.004930,0.124377,0.002629,0.070333,0.002328,0.042017,0.001047,0.218006,0.001248,0.063719,0.001436,35,84
proposed_causal_mechanism_selector,heldout_mechanism,2,0.691837,0.017052,0.640737,0.004958,0.125095,0.002633,0.070358,0.002301,0.041430,0.001010,0.217240,0.001006,0.064197,0.001437,35,84
proposed_causal_mechanism_selector,heldout_mechanism,3,0.693197,0.019536,0.639392,0.005058,0.124441,0.003037,0.070280,0.002513,0.041617,0.001006,0.217003,0.000926,0.063967,0.001432,35,84
proposed_causal_mechanism_selector,heldout_mechanism,4,0.701701,0.016539,0.640333,0.005061,0.124129,0.003062,0.069096,0.001976,0.041607,0.001016,0.216466,0.000907,0.063514,0.001293,35,84
proposed_causal_mechanism_selector,heldout_mechanism,5,0.711565,0.018076,0.640817,0.005255,0.124504,0.002903,0.068829,0.002022,0.040505,0.000885,0.216830,0.000924,0.063072,0.001217,35,84
proposed_causal_mechanism_selector,heldout_mechanism,6,0.714286,0.017819,0.640386,0.005111,0.124536,0.002777,0.068298,0.002109,0.040891,0.000911,0.217265,0.000919,0.062853,0.000970,35,84
proposed_causal_mechanism_selector,heldout_object,0,0.702381,0.016733,0.644124,0.004839,0.120702,0.002686,0.067095,0.002054,0.040592,0.000721,0.216019,0.000962,0.061224,0.001245,35,84
proposed_causal_mechanism_selector,heldout_object,1,0.704422,0.018487,0.644584,0.004712,0.121059,0.002601,0.067508,0.002130,0.040819,0.000685,0.215991,0.001120,0.060999,0.001313,35,84
proposed_causal_mechanism_selector,heldout_object,2,0.695238,0.018896,0.644587,0.004801,0.120043,0.002684,0.067940,0.002148,0.041223,0.000827,0.216305,0.001135,0.060751,0.001245,35,84
proposed_causal_mechanism_selector,heldout_object,3,0.708844,0.016824,0.645047,0.004994,0.120400,0.002660,0.067548,0.002234,0.041398,0.000790,0.215934,0.001110,0.060525,0.001337,35,84
proposed_causal_mechanism_selector,heldout_object,4,0.684014,0.021311,0.645506,0.004913,0.120757,0.002567,0.068538,0.002229,0.041968,0.000680,0.216404,0.001131,0.060757,0.001311,35,84
proposed_causal_mechanism_selector,heldout_object,5,0.702381,0.021239,0.644594,0.004675,0.121457,0.002571,0.067797,0.002191,0.041582,0.000813,0.216213,0.001256,0.060765,0.001213,35,84
proposed_causal_mechanism_selector,heldout_object,6,0.710544,0.017106,0.644597,0.004935,0.121814,0.002390,0.067797,0.002197,0.041661,0.000774,0.215896,0.001115,0.060768,0.001188,35,84
proposed_causal_mechanism_selector,small_budget,0,0.714966,0.018938,0.646877,0.004976,0.119429,0.002595,0.064746,0.002224,0.040568,0.000907,0.213598,0.000936,0.058251,0.001073,35,84
proposed_causal_mechanism_selector,small_budget,1,0.712585,0.016900,0.646407,0.004622,0.119774,0.002525,0.064597,0.002079,0.040840,0.000920,0.214064,0.000948,0.058246,0.001218,35,84
proposed_causal_mechanism_selector,small_budget,2,0.711565,0.015367,0.647308,0.004625,0.119432,0.002904,0.064819,0.001944,0.040627,0.000838,0.213831,0.001068,0.058230,0.001237,35,84
proposed_causal_mechanism_selector,small_budget,3,0.711565,0.014351,0.646837,0.004703,0.119091,0.002748,0.065239,0.001859,0.040633,0.000747,0.213816,0.000967,0.057985,0.001247,35,84
proposed_causal_mechanism_selector,small_budget,4,0.704762,0.020489,0.646824,0.004568,0.118064,0.002925,0.065133,0.002371,0.040720,0.000837,0.214098,0.001183,0.058415,0.001249,35,84
proposed_causal_mechanism_selector,small_budget,5,0.711565,0.018402,0.646810,0.004657,0.118066,0.003136,0.064915,0.002243,0.041022,0.000893,0.214015,0.001040,0.058862,0.001255,35,84
proposed_causal_mechanism_selector,small_budget,6,0.709864,0.021456,0.647254,0.004984,0.118754,0.003139,0.065224,0.002367,0.040406,0.000988,0.213560,0.001131,0.059090,0.001260,35,84
random_selection,clean_budget,0,0.398980,0.022945,0.323968,0.004856,0.301943,0.003528,0.176538,0.002488,0.104958,0.001028,0.130252,0.001129,0.114512,0.001184,35,84
random_selection,clean_budget,1,0.418027,0.020733,0.324268,0.004719,0.302180,0.003477,0.176124,0.002289,0.104711,0.000930,0.130432,0.001093,0.114661,0.001134,35,84
random_selection,clean_budget,2,0.415986,0.020825,0.324568,0.004743,0.302417,0.003687,0.176571,0.002372,0.105165,0.000949,0.130595,0.001148,0.114582,0.001154,35,84
random_selection,clean_budget,3,0.405782,0.016328,0.324410,0.005115,0.302997,0.003690,0.177286,0.002281,0.105125,0.000891,0.130381,0.001113,0.114509,0.001128,35,84
random_selection,clean_budget,4,0.406803,0.019592,0.324253,0.005021,0.302891,0.003849,0.177619,0.002434,0.105500,0.001002,0.130284,0.001162,0.113967,0.001270,35,84
random_selection,clean_budget,5,0.403061,0.020697,0.323638,0.004735,0.303471,0.003852,0.177224,0.002435,0.105492,0.000994,0.130006,0.001203,0.114122,0.001259,35,84
random_selection,clean_budget,6,0.412585,0.019904,0.323938,0.004647,0.303021,0.003960,0.177052,0.002414,0.105197,0.000772,0.129596,0.001176,0.114261,0.001228,35,84
random_selection,combined_stress,0,0.317687,0.020645,0.304387,0.005354,0.339863,0.004088,0.193914,0.002322,0.109612,0.001111,0.141774,0.001256,0.129809,0.001287,35,84
random_selection,combined_stress,1,0.315986,0.024130,0.304253,0.005116,0.340118,0.004284,0.193907,0.002718,0.109359,0.001063,0.141488,0.001426,0.129742,0.001248,35,84
random_selection,combined_stress,2,0.339116,0.024526,0.302748,0.004920,0.340716,0.004288,0.193635,0.002623,0.108834,0.001199,0.141639,0.001409,0.129223,0.001315,35,84
random_selection,combined_stress,3,0.324490,0.015930,0.303072,0.005013,0.339599,0.004047,0.193469,0.002692,0.108554,0.001015,0.141253,0.001314,0.128906,0.001288,35,84
random_selection,combined_stress,4,0.319388,0.020815,0.302938,0.004843,0.339854,0.003874,0.194021,0.002762,0.108402,0.001078,0.141458,0.001330,0.129068,0.001324,35,84
random_selection,combined_stress,5,0.319728,0.024615,0.303262,0.004880,0.339422,0.003914,0.193451,0.002812,0.108279,0.000922,0.141609,0.001268,0.129219,0.001228,35,84
random_selection,combined_stress,6,0.330612,0.020339,0.303586,0.004739,0.339334,0.003733,0.193501,0.002666,0.107766,0.000857,0.141425,0.001185,0.128918,0.001271,35,84
random_selection,heldout_mechanism,0,0.346259,0.020390,0.312287,0.004668,0.326081,0.003915,0.188464,0.002554,0.107966,0.001080,0.137370,0.001231,0.124545,0.001429,35,84
random_selection,heldout_mechanism,1,0.348299,0.024016,0.311255,0.004967,0.326691,0.003918,0.187690,0.002379,0.107841,0.001194,0.136826,0.001101,0.124720,0.001358,35,84
random_selection,heldout_mechanism,2,0.343197,0.022525,0.310680,0.004967,0.326272,0.004017,0.187749,0.002456,0.107873,0.001131,0.136810,0.001145,0.123965,0.001377,35,84
random_selection,heldout_mechanism,3,0.365306,0.022429,0.310563,0.005207,0.326195,0.004211,0.187014,0.002407,0.107326,0.000957,0.136293,0.001082,0.123901,0.001328,35,84
random_selection,heldout_mechanism,4,0.364286,0.024109,0.310445,0.005068,0.326119,0.004248,0.186973,0.002404,0.107054,0.001027,0.136237,0.001099,0.123380,0.001264,35,84
random_selection,heldout_mechanism,5,0.378231,0.025110,0.310785,0.004976,0.325700,0.004014,0.185775,0.002458,0.106172,0.000862,0.136259,0.001089,0.123310,0.001257,35,84
random_selection,heldout_mechanism,6,0.364286,0.024966,0.311582,0.004979,0.325281,0.003841,0.186099,0.002478,0.106626,0.000982,0.136561,0.001053,0.123012,0.001236,35,84
random_selection,heldout_object,0,0.366667,0.018170,0.315325,0.004461,0.319116,0.003926,0.184548,0.002321,0.106399,0.000814,0.134945,0.001190,0.120891,0.001314,35,84
random_selection,heldout_object,1,0.353061,0.019509,0.314726,0.004439,0.318679,0.003933,0.184391,0.002399,0.106804,0.000871,0.135231,0.001204,0.120809,0.001289,35,84
random_selection,heldout_object,2,0.377211,0.025485,0.315042,0.004561,0.318242,0.003848,0.183788,0.002563,0.106427,0.001074,0.135139,0.001258,0.121185,0.001289,35,84
random_selection,heldout_object,3,0.373810,0.025813,0.314443,0.004705,0.318148,0.003826,0.184034,0.002592,0.106894,0.000858,0.135094,0.001246,0.121108,0.001139,35,84
random_selection,heldout_object,4,0.378231,0.019300,0.315216,0.004710,0.318397,0.003626,0.184296,0.002513,0.106530,0.001013,0.135200,0.001170,0.121266,0.001166,35,84
random_selection,heldout_object,5,0.380272,0.023371,0.315990,0.004715,0.318989,0.003630,0.183966,0.002592,0.106648,0.001027,0.135330,0.001120,0.121658,0.001167,35,84
random_selection,heldout_object,6,0.379252,0.017354,0.316306,0.004592,0.319238,0.003840,0.184163,0.002234,0.106390,0.000917,0.135032,0.001024,0.121816,0.001138,35,84
random_selection,small_budget,0,0.376871,0.019130,0.318538,0.005170,0.313306,0.004264,0.181519,0.002354,0.106452,0.000937,0.132778,0.001133,0.118761,0.001321,35,84
random_selection,small_budget,1,0.382993,0.015409,0.317923,0.005161,0.313886,0.004268,0.181286,0.002261,0.106486,0.001014,0.132401,0.001107,0.118459,0.001213,35,84
random_selection,small_budget,2,0.384354,0.021165,0.317766,0.005105,0.314466,0.004272,0.181196,0.002514,0.106395,0.001024,0.132758,0.001151,0.118385,0.001331,35,84
random_selection,small_budget,3,0.367687,0.019969,0.317608,0.005080,0.313674,0.004122,0.181329,0.002417,0.106401,0.000988,0.132838,0.001201,0.118747,0.001331,35,84
random_selection,small_budget,4,0.371429,0.022101,0.317908,0.004960,0.313911,0.004094,0.181374,0.002473,0.106258,0.000947,0.132942,0.001225,0.118897,0.001243,35,84
random_selection,small_budget,5,0.369728,0.015658,0.318208,0.004773,0.314491,0.004097,0.181834,0.002321,0.106262,0.000961,0.132873,0.001118,0.118595,0.001272,35,84
random_selection,small_budget,6,0.393197,0.015557,0.318965,0.004777,0.314042,0.004068,0.180785,0.002420,0.105635,0.000877,0.132780,0.000999,0.118505,0.001152,35,84
uncertainty_active_selection,clean_budget,0,0.618027,0.022071,0.524833,0.004979,0.264741,0.004267,0.113361,0.002494,0.075146,0.000927,0.273959,0.001328,0.086281,0.001073,35,84
uncertainty_active_selection,clean_budget,1,0.616327,0.020406,0.523857,0.004810,0.264707,0.004247,0.113142,0.002580,0.074677,0.001022,0.273480,0.001248,0.086246,0.001107,35,84
uncertainty_active_selection,clean_budget,2,0.610884,0.020106,0.523795,0.004847,0.265016,0.004063,0.113287,0.002624,0.075232,0.001019,0.273496,0.001218,0.086674,0.001108,35,84
uncertainty_active_selection,clean_budget,3,0.608844,0.027227,0.523276,0.004441,0.265668,0.004066,0.112895,0.002725,0.075013,0.001208,0.273478,0.001285,0.086649,0.000920,35,84
uncertainty_active_selection,clean_budget,4,0.611224,0.019320,0.523672,0.004703,0.266320,0.004069,0.112827,0.002453,0.075182,0.001078,0.273644,0.001230,0.086854,0.000940,35,84
uncertainty_active_selection,clean_budget,5,0.624150,0.019796,0.524068,0.004563,0.265600,0.003781,0.112582,0.002378,0.074624,0.000873,0.273476,0.001166,0.087036,0.000997,35,84
uncertainty_active_selection,clean_budget,6,0.625510,0.019798,0.524007,0.004315,0.265566,0.003780,0.112500,0.002528,0.074332,0.000863,0.273652,0.001207,0.087001,0.001052,35,84
uncertainty_active_selection,combined_stress,0,0.518707,0.020343,0.506328,0.004679,0.303556,0.004285,0.130045,0.002524,0.079316,0.000930,0.285971,0.001151,0.100530,0.001470,35,84
uncertainty_active_selection,combined_stress,1,0.527891,0.019320,0.506290,0.004592,0.303197,0.004319,0.130177,0.002451,0.079337,0.000935,0.286081,0.001120,0.100730,0.001373,35,84
uncertainty_active_selection,combined_stress,2,0.505782,0.022885,0.506253,0.004591,0.302838,0.004006,0.131247,0.002713,0.080041,0.001117,0.286276,0.001295,0.101159,0.001374,35,84
uncertainty_active_selection,combined_stress,3,0.518707,0.027926,0.504386,0.004364,0.303508,0.004010,0.131105,0.002755,0.079779,0.001133,0.286349,0.001238,0.100918,0.001361,35,84
uncertainty_active_selection,combined_stress,4,0.524830,0.020569,0.503891,0.004337,0.303835,0.004003,0.130916,0.002651,0.079637,0.001169,0.285803,0.001211,0.100900,0.001186,35,84
uncertainty_active_selection,combined_stress,5,0.507823,0.023293,0.503853,0.004434,0.304505,0.004007,0.131671,0.002530,0.079342,0.001309,0.285947,0.001302,0.101346,0.001188,35,84
uncertainty_active_selection,combined_stress,6,0.507823,0.024943,0.503816,0.004835,0.303116,0.003831,0.131097,0.002679,0.079240,0.001191,0.285691,0.001155,0.101758,0.001184,35,84
uncertainty_active_selection,heldout_mechanism,0,0.557823,0.020873,0.511644,0.004940,0.289912,0.004042,0.124139,0.002382,0.077287,0.001094,0.281313,0.001091,0.096263,0.001352,35,84
uncertainty_active_selection,heldout_mechanism,1,0.570748,0.023894,0.512080,0.004812,0.289565,0.004061,0.123710,0.002466,0.076523,0.000938,0.281394,0.001174,0.096471,0.001340,35,84
uncertainty_active_selection,heldout_mechanism,2,0.558163,0.021829,0.512973,0.004816,0.289218,0.004295,0.124046,0.002451,0.077229,0.000976,0.281729,0.001179,0.095993,0.001264,35,84
uncertainty_active_selection,heldout_mechanism,3,0.547959,0.018830,0.511579,0.004518,0.289214,0.004301,0.124562,0.002421,0.077911,0.000888,0.282041,0.001204,0.095750,0.001332,35,84
uncertainty_active_selection,heldout_mechanism,4,0.546939,0.021538,0.511100,0.004405,0.289210,0.004257,0.124802,0.002579,0.078163,0.000915,0.282261,0.001230,0.095735,0.001289,35,84
uncertainty_active_selection,heldout_mechanism,5,0.555442,0.023450,0.511079,0.004263,0.289549,0.004084,0.124779,0.002610,0.077764,0.000801,0.282158,0.001279,0.095726,0.001274,35,84
uncertainty_active_selection,heldout_mechanism,6,0.556803,0.026163,0.511515,0.004618,0.289545,0.004046,0.124948,0.002627,0.077279,0.001071,0.280982,0.001312,0.095940,0.001266,35,84
uncertainty_active_selection,heldout_object,0,0.579932,0.019477,0.515712,0.004703,0.282019,0.004129,0.120855,0.002345,0.076664,0.000947,0.279614,0.001145,0.094252,0.001321,35,84
uncertainty_active_selection,heldout_object,1,0.568367,0.020119,0.515666,0.004906,0.282340,0.004204,0.121192,0.002489,0.076676,0.000723,0.279242,0.001182,0.093545,0.001303,35,84
uncertainty_active_selection,heldout_object,2,0.565306,0.021568,0.516078,0.004656,0.282661,0.004125,0.121731,0.002476,0.076986,0.000718,0.279242,0.000989,0.093752,0.001327,35,84
uncertainty_active_selection,heldout_object,3,0.573810,0.024849,0.516033,0.004881,0.282296,0.003938,0.120964,0.002442,0.076963,0.000758,0.278669,0.001047,0.093491,0.001272,35,84
uncertainty_active_selection,heldout_object,4,0.572789,0.020151,0.516445,0.004903,0.282274,0.003834,0.120963,0.002210,0.077189,0.000912,0.279106,0.001069,0.093006,0.001055,35,84
uncertainty_active_selection,heldout_object,5,0.571088,0.022156,0.516857,0.005015,0.282938,0.003837,0.120797,0.002405,0.077213,0.000966,0.279320,0.001141,0.093219,0.001070,35,84
uncertainty_active_selection,heldout_object,6,0.578571,0.019748,0.516354,0.004730,0.283259,0.003925,0.120563,0.002479,0.077038,0.001000,0.279215,0.001102,0.093426,0.001115,35,84
uncertainty_active_selection,small_budget,0,0.593197,0.020145,0.517399,0.005070,0.276811,0.003892,0.117467,0.002205,0.075435,0.000996,0.276882,0.001082,0.091826,0.001264,35,84
uncertainty_active_selection,small_budget,1,0.591156,0.020403,0.517795,0.004915,0.277120,0.003819,0.117739,0.002309,0.075701,0.001074,0.276864,0.001039,0.092025,0.001266,35,84
uncertainty_active_selection,small_budget,2,0.590816,0.017114,0.518191,0.004920,0.277428,0.003916,0.117730,0.002176,0.075688,0.000904,0.276829,0.001053,0.091309,0.001481,35,84
uncertainty_active_selection,small_budget,3,0.581973,0.020264,0.518587,0.004814,0.276022,0.004441,0.118094,0.002328,0.075578,0.000942,0.277107,0.001048,0.091481,0.001460,35,84
uncertainty_active_selection,small_budget,4,0.590136,0.020876,0.518525,0.005099,0.276331,0.004623,0.117602,0.002435,0.075594,0.000955,0.276758,0.001170,0.091451,0.001652,35,84
uncertainty_active_selection,small_budget,5,0.604082,0.016243,0.518921,0.004927,0.275268,0.004433,0.117304,0.002235,0.075686,0.000956,0.277037,0.001079,0.090942,0.001474,35,84
uncertainty_active_selection,small_budget,6,0.579592,0.022203,0.519317,0.004850,0.274548,0.004347,0.117953,0.002519,0.075930,0.001013,0.277243,0.001109,0.090667,0.001402,35,84
