stress_axis,stress_level,seed,proposed_utility,old_v4_utility,utility_margin,proposed_success,old_v4_success,success_margin
budget_pressure,0,0,0.67767134,0.50441678,0.17325456,0.71875000,0.63750000,0.08125000
budget_pressure,0,1,0.68542211,0.50209931,0.18332280,0.72708333,0.63541667,0.09166667
budget_pressure,0,2,0.70399690,0.50292304,0.20107385,0.74583333,0.63541667,0.11041667
budget_pressure,0,3,0.66103034,0.53205999,0.12897035,0.70625000,0.66458333,0.04166667
budget_pressure,0,4,0.70337249,0.52035830,0.18301419,0.74791667,0.65416667,0.09375000
budget_pressure,0,5,0.68416869,0.50114874,0.18301995,0.72916667,0.63750000,0.09166667
budget_pressure,0,6,0.67748771,0.48868644,0.18880127,0.72291667,0.62291667,0.10000000
budget_pressure,0,7,0.69083400,0.50669522,0.18413879,0.73541667,0.64166667,0.09375000
budget_pressure,0,8,0.66867628,0.51026225,0.15841403,0.71041667,0.64583333,0.06458333
budget_pressure,0,9,0.65609220,0.57586062,0.08023158,0.70000000,0.70416667,-0.00416667
budget_pressure,1,0,0.65908724,0.50859869,0.15048855,0.70625000,0.64583333,0.06041667
budget_pressure,1,1,0.65540569,0.51857849,0.13682720,0.70416667,0.65625000,0.04791667
budget_pressure,1,2,0.69256193,0.47846727,0.21409467,0.73958333,0.61875000,0.12083333
budget_pressure,1,3,0.65478129,0.52380107,0.13098022,0.70625000,0.66250000,0.04375000
budget_pressure,1,4,0.68846243,0.47648926,0.21197318,0.73750000,0.61875000,0.11875000
budget_pressure,1,5,0.69789114,0.53494307,0.16294808,0.74583333,0.67083333,0.07500000
budget_pressure,1,6,0.66869427,0.52209713,0.14659714,0.71875000,0.66041667,0.05833333
budget_pressure,1,7,0.68999269,0.48782840,0.20216429,0.73541667,0.62916667,0.10625000
budget_pressure,1,8,0.65646493,0.52201178,0.13445316,0.70416667,0.65833333,0.04583333
budget_pressure,1,9,0.69673836,0.51641215,0.18032622,0.74166667,0.65416667,0.08750000
budget_pressure,2,0,0.62239392,0.45163197,0.17076195,0.67708333,0.59791667,0.07916667
budget_pressure,2,1,0.64842200,0.41597201,0.23244999,0.70208333,0.56458333,0.13750000
budget_pressure,2,2,0.68853852,0.50804412,0.18049440,0.74166667,0.65208333,0.08958333
budget_pressure,2,3,0.60752009,0.48966554,0.11785455,0.66666667,0.63541667,0.03125000
budget_pressure,2,4,0.62259234,0.50241440,0.12017794,0.67916667,0.64583333,0.03333333
budget_pressure,2,5,0.62677997,0.45960188,0.16717809,0.68333333,0.60625000,0.07708333
budget_pressure,2,6,0.64088123,0.49655341,0.14432782,0.69375000,0.64166667,0.05208333
budget_pressure,2,7,0.65461203,0.48847202,0.16614001,0.70625000,0.63541667,0.07083333
budget_pressure,2,8,0.70156236,0.48507576,0.21648660,0.75000000,0.62916667,0.12083333
budget_pressure,2,9,0.68897828,0.49257380,0.19640448,0.73958333,0.63750000,0.10208333
budget_pressure,3,0,0.61292847,0.44311952,0.16980895,0.67291667,0.59375000,0.07916667
budget_pressure,3,1,0.64056475,0.44332323,0.19724151,0.70000000,0.59583333,0.10416667
budget_pressure,3,2,0.64769809,0.46055478,0.18714331,0.70833333,0.61250000,0.09583333
budget_pressure,3,3,0.64299577,0.46440112,0.17859465,0.70208333,0.61458333,0.08750000
budget_pressure,3,4,0.61379890,0.46671869,0.14708022,0.67500000,0.61666667,0.05833333
budget_pressure,3,5,0.63115915,0.43131227,0.19984688,0.68958333,0.58541667,0.10416667
budget_pressure,3,6,0.60824646,0.47048943,0.13775703,0.66666667,0.62291667,0.04375000
budget_pressure,3,7,0.62403793,0.49380077,0.13023715,0.68125000,0.64166667,0.03958333
budget_pressure,3,8,0.67822285,0.45456051,0.22366233,0.73333333,0.60625000,0.12708333
budget_pressure,3,9,0.63567217,0.46229326,0.17337891,0.69375000,0.61250000,0.08125000
budget_pressure,4,0,0.63374032,0.40530995,0.22843037,0.69791667,0.56458333,0.13333333
budget_pressure,4,1,0.58990020,0.40696206,0.18293814,0.65833333,0.56666667,0.09166667
budget_pressure,4,2,0.61190548,0.43894207,0.17296341,0.67708333,0.59791667,0.07916667
budget_pressure,4,3,0.64191259,0.41980287,0.22210972,0.70625000,0.57708333,0.12916667
budget_pressure,4,4,0.63483546,0.42223221,0.21260325,0.69791667,0.58125000,0.11666667
budget_pressure,4,5,0.64200369,0.42802488,0.21397881,0.70208333,0.58750000,0.11458333
budget_pressure,4,6,0.61721350,0.40682355,0.21038994,0.67916667,0.56458333,0.11458333
budget_pressure,4,7,0.61850348,0.47218806,0.14631542,0.68125000,0.62708333,0.05416667
budget_pressure,4,8,0.64820643,0.43203482,0.21617161,0.71041667,0.58958333,0.12083333
budget_pressure,4,9,0.66049794,0.44081809,0.21967985,0.71875000,0.59583333,0.12291667
budget_pressure,5,0,0.58582167,0.43266117,0.15316050,0.65833333,0.59583333,0.06250000
budget_pressure,5,1,0.61397359,0.42986202,0.18411157,0.68333333,0.59375000,0.08958333
budget_pressure,5,2,0.60890082,0.39706486,0.21183596,0.67916667,0.56041667,0.11875000
budget_pressure,5,3,0.58415522,0.39089583,0.19325939,0.65625000,0.55625000,0.10000000
budget_pressure,5,4,0.59209983,0.40559103,0.18650881,0.66041667,0.57083333,0.08958333
budget_pressure,5,5,0.60308474,0.45090257,0.15218217,0.67083333,0.61041667,0.06041667
budget_pressure,5,6,0.63668127,0.42304661,0.21363467,0.70208333,0.58541667,0.11666667
budget_pressure,5,7,0.62409719,0.36377565,0.26032155,0.69166667,0.53125000,0.16041667
budget_pressure,5,8,0.60968111,0.48829184,0.12138926,0.67500000,0.64583333,0.02916667
budget_pressure,5,9,0.59141951,0.41847617,0.17294334,0.65833333,0.57916667,0.07916667
budget_pressure,6,0,0.60532947,0.42078197,0.18454750,0.68125000,0.58958333,0.09166667
budget_pressure,6,1,0.58034032,0.36898747,0.21135285,0.65625000,0.53958333,0.11666667
budget_pressure,6,2,0.62904061,0.39294394,0.23609668,0.70208333,0.56250000,0.13958333
budget_pressure,6,3,0.60137510,0.37648027,0.22489482,0.67291667,0.54791667,0.12500000
budget_pressure,6,4,0.56784734,0.38175268,0.18609466,0.64166667,0.55416667,0.08750000
budget_pressure,6,5,0.63705400,0.42064345,0.21641055,0.70625000,0.58750000,0.11875000
budget_pressure,6,6,0.59553669,0.42146460,0.17407210,0.66875000,0.58958333,0.07916667
budget_pressure,6,7,0.62551894,0.38966620,0.23585275,0.69583333,0.55833333,0.13750000
budget_pressure,6,8,0.57621280,0.39381668,0.18239612,0.64791667,0.56041667,0.08750000
budget_pressure,6,9,0.61450501,0.39074684,0.22375818,0.68541667,0.55833333,0.12708333
budget_pressure,7,0,0.57626178,0.41554825,0.16071354,0.65625000,0.58750000,0.06875000
budget_pressure,7,1,0.57377251,0.38225568,0.19151683,0.65416667,0.55625000,0.09791667
budget_pressure,7,2,0.62451726,0.39803883,0.22647843,0.70000000,0.57291667,0.12708333
budget_pressure,7,3,0.56599444,0.39047770,0.17551674,0.64375000,0.56666667,0.07708333
budget_pressure,7,4,0.56175520,0.43827100,0.12348420,0.63958333,0.60833333,0.03125000
budget_pressure,7,5,0.57810436,0.41015891,0.16794545,0.65625000,0.58333333,0.07291667
budget_pressure,7,6,0.59787142,0.34222012,0.25565130,0.67500000,0.51875000,0.15625000
budget_pressure,7,7,0.60391056,0.35015985,0.25375071,0.67708333,0.52500000,0.15208333
budget_pressure,7,8,0.66353753,0.37913700,0.28440053,0.73541667,0.55208333,0.18333333
budget_pressure,7,9,0.54625211,0.32162203,0.22463008,0.62500000,0.49791667,0.12708333
budget_pressure,8,0,0.57191961,0.37317563,0.19874398,0.65625000,0.55208333,0.10416667
budget_pressure,8,1,0.59703471,0.35779991,0.23923480,0.67916667,0.53958333,0.13958333
budget_pressure,8,2,0.58639787,0.35246441,0.23393346,0.66666667,0.53541667,0.13125000
budget_pressure,8,3,0.55322540,0.33126308,0.22196232,0.63541667,0.51250000,0.12291667
budget_pressure,8,4,0.57625145,0.39440196,0.18184950,0.65833333,0.57291667,0.08541667
budget_pressure,8,5,0.51692907,0.38763322,0.12929585,0.60416667,0.56666667,0.03750000
budget_pressure,8,6,0.52922058,0.36748325,0.16173734,0.61250000,0.54583333,0.06666667
budget_pressure,8,7,0.57550235,0.30551358,0.26998877,0.65625000,0.48750000,0.16875000
budget_pressure,8,8,0.58446061,0.38598787,0.19847273,0.66458333,0.56250000,0.10208333
budget_pressure,8,9,0.55437561,0.33500202,0.21937359,0.63750000,0.51666667,0.12083333
budget_pressure,9,0,0.53522629,0.35094549,0.18428081,0.62708333,0.53750000,0.08958333
budget_pressure,9,1,0.55429908,0.37231759,0.18198149,0.64166667,0.55833333,0.08333333
budget_pressure,9,2,0.60311975,0.33528070,0.26783905,0.68750000,0.52083333,0.16666667
budget_pressure,9,3,0.53878842,0.33413234,0.20465608,0.62708333,0.52083333,0.10625000
budget_pressure,9,4,0.51507617,0.28821518,0.22686099,0.60625000,0.47916667,0.12708333
budget_pressure,9,5,0.54072148,0.37044434,0.17027714,0.62708333,0.55416667,0.07291667
budget_pressure,9,6,0.56029565,0.30507993,0.25521572,0.64583333,0.49166667,0.15416667
budget_pressure,9,7,0.52671074,0.36577965,0.16093109,0.61458333,0.54791667,0.06666667
budget_pressure,9,8,0.55666982,0.30205743,0.25461240,0.64375000,0.48958333,0.15416667
budget_pressure,9,9,0.58000003,0.33028140,0.24971863,0.66666667,0.51666667,0.15000000
compound_shift,0,0,0.70898590,0.56778266,0.14120324,0.74375000,0.69166667,0.05208333
compound_shift,0,1,0.71347314,0.55687565,0.15659749,0.74791667,0.68125000,0.06666667
compound_shift,0,2,0.72104437,0.57944574,0.14159864,0.75416667,0.70208333,0.05208333
compound_shift,0,3,0.73789465,0.55548192,0.18241273,0.76875000,0.68125000,0.08750000
compound_shift,0,4,0.68356407,0.59695819,0.08660588,0.71875000,0.71875000,0.00000000
compound_shift,0,5,0.71529400,0.55796293,0.15733107,0.74791667,0.68125000,0.06666667
compound_shift,0,6,0.72265373,0.59875858,0.12389515,0.75625000,0.72083333,0.03541667
compound_shift,0,7,0.75634859,0.57428622,0.18206237,0.78750000,0.69791667,0.08958333
compound_shift,0,8,0.70423366,0.59959961,0.10463404,0.73958333,0.72291667,0.01666667
compound_shift,0,9,0.67571913,0.53865132,0.13706781,0.71458333,0.66250000,0.05208333
compound_shift,1,0,0.68394421,0.53529544,0.14864877,0.72708333,0.66875000,0.05833333
compound_shift,1,1,0.71666947,0.52970610,0.18696337,0.75833333,0.66458333,0.09375000
compound_shift,1,2,0.72004556,0.54564731,0.17439825,0.76041667,0.67916667,0.08125000
compound_shift,1,3,0.70371572,0.54808694,0.15562878,0.74583333,0.68333333,0.06250000
compound_shift,1,4,0.72049364,0.58312102,0.13737262,0.76041667,0.71250000,0.04791667
compound_shift,1,5,0.73727617,0.52376318,0.21351299,0.77708333,0.65833333,0.11875000
compound_shift,1,6,0.67972006,0.52459460,0.15512545,0.72291667,0.66041667,0.06250000
compound_shift,1,7,0.64986146,0.56243997,0.08742148,0.69583333,0.69583333,0.00000000
compound_shift,1,8,0.71234177,0.56685687,0.14548489,0.75625000,0.69791667,0.05833333
compound_shift,1,9,0.68737413,0.55362700,0.13374713,0.73125000,0.68333333,0.04791667
compound_shift,2,0,0.66337522,0.48809519,0.17528002,0.71666667,0.63333333,0.08333333
compound_shift,2,1,0.67235026,0.50403641,0.16831385,0.72291667,0.64791667,0.07500000
compound_shift,2,2,0.67221728,0.49757350,0.17464378,0.72291667,0.64375000,0.07916667
compound_shift,2,3,0.65721890,0.48586928,0.17134962,0.70833333,0.62916667,0.07916667
compound_shift,2,4,0.70577773,0.49995734,0.20582039,0.75416667,0.64375000,0.11041667
compound_shift,2,5,0.66763489,0.50301440,0.16462049,0.71875000,0.64791667,0.07083333
compound_shift,2,6,0.66841490,0.53195724,0.13645766,0.72083333,0.67500000,0.04583333
compound_shift,2,7,0.68022590,0.50908308,0.17114282,0.73333333,0.65416667,0.07916667
compound_shift,2,8,0.61034592,0.51201610,0.09832982,0.66875000,0.65208333,0.01666667
compound_shift,2,9,0.62788142,0.56502786,0.06285356,0.68333333,0.70416667,-0.02083333
compound_shift,3,0,0.61575242,0.49135873,0.12439369,0.67708333,0.64375000,0.03333333
compound_shift,3,1,0.64677832,0.42702936,0.21974895,0.70625000,0.58541667,0.12083333
compound_shift,3,2,0.65729526,0.40750056,0.24979470,0.71666667,0.56458333,0.15208333
compound_shift,3,3,0.63805173,0.46512050,0.17293123,0.69791667,0.61875000,0.07916667
compound_shift,3,4,0.65824501,0.47698293,0.18126208,0.71875000,0.63125000,0.08750000
compound_shift,3,5,0.66078100,0.46363873,0.19714227,0.72083333,0.61875000,0.10208333
compound_shift,3,6,0.63920750,0.46944168,0.16976582,0.70208333,0.62500000,0.07708333
compound_shift,3,7,0.61606582,0.48153336,0.13453246,0.68125000,0.63125000,0.05000000
compound_shift,3,8,0.64447336,0.51513185,0.12934151,0.70625000,0.66458333,0.04166667
compound_shift,3,9,0.65782994,0.45919192,0.19863802,0.71875000,0.61250000,0.10625000
compound_shift,4,0,0.56124725,0.43438239,0.12686486,0.63333333,0.60000000,0.03333333
compound_shift,4,1,0.61597271,0.37317538,0.24279733,0.68541667,0.54166667,0.14375000
compound_shift,4,2,0.64377163,0.42128397,0.22248766,0.71041667,0.58541667,0.12500000
compound_shift,4,3,0.61500097,0.42201822,0.19298275,0.68541667,0.58750000,0.09791667
compound_shift,4,4,0.57302430,0.43093036,0.14209394,0.64583333,0.59583333,0.05000000
compound_shift,4,5,0.60103216,0.40282855,0.19820361,0.67291667,0.57083333,0.10208333
compound_shift,4,6,0.59699960,0.44648503,0.15051457,0.67083333,0.60833333,0.06250000
compound_shift,4,7,0.64574200,0.43407698,0.21166502,0.71458333,0.59583333,0.11875000
compound_shift,4,8,0.61458590,0.39309905,0.22148685,0.68541667,0.55833333,0.12708333
compound_shift,4,9,0.62482872,0.44001193,0.18481680,0.69583333,0.60208333,0.09375000
compound_shift,5,0,0.57158100,0.36689531,0.20468568,0.65208333,0.54583333,0.10625000
compound_shift,5,1,0.57945638,0.40638066,0.17307572,0.65833333,0.57916667,0.07916667
compound_shift,5,2,0.58511074,0.38040732,0.20470342,0.66458333,0.55625000,0.10833333
compound_shift,5,3,0.54535970,0.39014128,0.15521842,0.62708333,0.56666667,0.06041667
compound_shift,5,4,0.60230080,0.40350468,0.19879612,0.68125000,0.57916667,0.10208333
compound_shift,5,5,0.59578647,0.39901905,0.19676743,0.67708333,0.57291667,0.10416667
compound_shift,5,6,0.59975207,0.40804551,0.19170656,0.67916667,0.57916667,0.10000000
compound_shift,5,7,0.57014960,0.38145474,0.18869486,0.65208333,0.55625000,0.09583333
compound_shift,5,8,0.55012167,0.34695533,0.20316634,0.63333333,0.52291667,0.11041667
compound_shift,5,9,0.58419761,0.38173153,0.20246608,0.66458333,0.55625000,0.10833333
compound_shift,6,0,0.57182248,0.31803146,0.25379102,0.65833333,0.50416667,0.15416667
compound_shift,6,1,0.58031990,0.35882712,0.22149279,0.66666667,0.54375000,0.12291667
compound_shift,6,2,0.54662833,0.38636614,0.16026219,0.63541667,0.57083333,0.06458333
compound_shift,6,3,0.53628017,0.34408871,0.19219146,0.62708333,0.53125000,0.09583333
compound_shift,6,4,0.54809117,0.36992236,0.17816881,0.63958333,0.55625000,0.08333333
compound_shift,6,5,0.54275456,0.34417827,0.19857629,0.63541667,0.52708333,0.10833333
compound_shift,6,6,0.53580810,0.33932357,0.19648452,0.62708333,0.52500000,0.10208333
compound_shift,6,7,0.54890854,0.37747767,0.17143088,0.63958333,0.56041667,0.07916667
compound_shift,6,8,0.53205104,0.38018203,0.15186902,0.62291667,0.56250000,0.06041667
compound_shift,6,9,0.57185909,0.32759825,0.24426084,0.66041667,0.51458333,0.14583333
compound_shift,7,0,0.53707587,0.31508775,0.22198812,0.63333333,0.51041667,0.12291667
compound_shift,7,1,0.49940268,0.29801694,0.20138574,0.60000000,0.49583333,0.10416667
compound_shift,7,2,0.54867697,0.32028287,0.22839410,0.64583333,0.51666667,0.12916667
compound_shift,7,3,0.51597531,0.30828076,0.20769455,0.61666667,0.50625000,0.11041667
compound_shift,7,4,0.55737699,0.30701863,0.25035836,0.65625000,0.50000000,0.15625000
compound_shift,7,5,0.51678990,0.29833010,0.21845981,0.61666667,0.49375000,0.12291667
compound_shift,7,6,0.47895691,0.26687213,0.21208478,0.58125000,0.46458333,0.11666667
compound_shift,7,7,0.52612252,0.31631479,0.20980773,0.62500000,0.51041667,0.11458333
compound_shift,7,8,0.50739208,0.29488988,0.21250220,0.60833333,0.49166667,0.11666667
compound_shift,7,9,0.51170432,0.28590580,0.22579852,0.61041667,0.48333333,0.12708333
compound_shift,8,0,0.47173808,0.22079590,0.25094218,0.58125000,0.43125000,0.15000000
compound_shift,8,1,0.44979211,0.25641564,0.19337647,0.56041667,0.46458333,0.09583333
compound_shift,8,2,0.50005630,0.26392396,0.23613234,0.60833333,0.47291667,0.13541667
compound_shift,8,3,0.44038291,0.27197030,0.16841261,0.55416667,0.47708333,0.07708333
compound_shift,8,4,0.48022277,0.29739802,0.18282475,0.58958333,0.50000000,0.08958333
compound_shift,8,5,0.52918948,0.28980459,0.23938489,0.63541667,0.49375000,0.14166667
compound_shift,8,6,0.48379146,0.24324087,0.24055060,0.59375000,0.45000000,0.14375000
compound_shift,8,7,0.51311198,0.23992518,0.27318681,0.62083333,0.44791667,0.17291667
compound_shift,8,8,0.50852169,0.28972054,0.21880115,0.61458333,0.49583333,0.11875000
compound_shift,8,9,0.49380006,0.26453959,0.22926047,0.60208333,0.47291667,0.12916667
compound_shift,9,0,0.47999397,0.22007782,0.25991615,0.59583333,0.43958333,0.15625000
compound_shift,9,1,0.49464804,0.20673362,0.28791442,0.61041667,0.42708333,0.18333333
compound_shift,9,2,0.42581598,0.25343755,0.17237843,0.54791667,0.46875000,0.07916667
compound_shift,9,3,0.44981228,0.22685388,0.22295839,0.56875000,0.44166667,0.12708333
compound_shift,9,4,0.48030190,0.22474508,0.25555683,0.59791667,0.44166667,0.15625000
compound_shift,9,5,0.47140214,0.20582510,0.26557704,0.58958333,0.42291667,0.16666667
compound_shift,9,6,0.47431922,0.22724751,0.24707171,0.59166667,0.44375000,0.14791667
compound_shift,9,7,0.46972892,0.24588400,0.22384492,0.58541667,0.46250000,0.12291667
compound_shift,9,8,0.46383203,0.24741065,0.21642138,0.58125000,0.46458333,0.11666667
compound_shift,9,9,0.44936653,0.21734650,0.23202003,0.56875000,0.43541667,0.13333333
mechanism_hiddenness,0,0,0.66168537,0.50069575,0.16098962,0.70833333,0.63750000,0.07083333
mechanism_hiddenness,0,1,0.62395907,0.49605864,0.12790043,0.67291667,0.63333333,0.03958333
mechanism_hiddenness,0,2,0.64021938,0.48358889,0.15663049,0.68750000,0.62083333,0.06666667
mechanism_hiddenness,0,3,0.66149863,0.49548678,0.16601186,0.70833333,0.63333333,0.07500000
mechanism_hiddenness,0,4,0.65296170,0.50827881,0.14468289,0.70000000,0.64375000,0.05625000
mechanism_hiddenness,0,5,0.70097858,0.52582024,0.17515834,0.74583333,0.66041667,0.08541667
mechanism_hiddenness,0,6,0.70515660,0.46469532,0.24046128,0.74791667,0.60416667,0.14375000
mechanism_hiddenness,0,7,0.63191590,0.51158591,0.12032999,0.67916667,0.65000000,0.02916667
mechanism_hiddenness,0,8,0.66943661,0.49286379,0.17657282,0.71458333,0.63125000,0.08333333
mechanism_hiddenness,0,9,0.66731185,0.52378283,0.14352902,0.71458333,0.65833333,0.05625000
mechanism_hiddenness,1,0,0.67632062,0.46269515,0.21362547,0.72500000,0.60625000,0.11875000
mechanism_hiddenness,1,1,0.63579241,0.46980364,0.16598877,0.68750000,0.61250000,0.07500000
mechanism_hiddenness,1,2,0.65599371,0.48952611,0.16646760,0.70625000,0.63125000,0.07500000
mechanism_hiddenness,1,3,0.64523114,0.47954155,0.16568960,0.69583333,0.62083333,0.07500000
mechanism_hiddenness,1,4,0.65955937,0.46644437,0.19311500,0.71041667,0.60833333,0.10208333
mechanism_hiddenness,1,5,0.66181591,0.45935208,0.20246383,0.71041667,0.60208333,0.10833333
mechanism_hiddenness,1,6,0.61528281,0.47508380,0.14019901,0.66666667,0.61875000,0.04791667
mechanism_hiddenness,1,7,0.63054719,0.45574425,0.17480293,0.68125000,0.60000000,0.08125000
mechanism_hiddenness,1,8,0.65290439,0.49779146,0.15511293,0.70416667,0.63750000,0.06666667
mechanism_hiddenness,1,9,0.63633788,0.48447817,0.15185971,0.68958333,0.62500000,0.06458333
mechanism_hiddenness,2,0,0.65031818,0.47942241,0.17089578,0.70416667,0.62500000,0.07916667
mechanism_hiddenness,2,1,0.62439862,0.46130911,0.16308951,0.67916667,0.60833333,0.07083333
mechanism_hiddenness,2,2,0.61716574,0.46353067,0.15363507,0.67291667,0.61041667,0.06250000
mechanism_hiddenness,2,3,0.68966458,0.46596833,0.22369625,0.74166667,0.61250000,0.12916667
mechanism_hiddenness,2,4,0.64893026,0.43113508,0.21779518,0.70416667,0.57916667,0.12500000
mechanism_hiddenness,2,5,0.64709340,0.49583074,0.15126266,0.70000000,0.64166667,0.05833333
mechanism_hiddenness,2,6,0.61836536,0.46283323,0.15553213,0.67291667,0.61041667,0.06250000
mechanism_hiddenness,2,7,0.63466310,0.40371844,0.23094466,0.68958333,0.55416667,0.13541667
mechanism_hiddenness,2,8,0.64418676,0.44735864,0.19682812,0.70000000,0.59375000,0.10625000
mechanism_hiddenness,2,9,0.63460787,0.44145146,0.19315641,0.69166667,0.58958333,0.10208333
mechanism_hiddenness,3,0,0.68228938,0.44644591,0.23584347,0.73750000,0.59791667,0.13958333
mechanism_hiddenness,3,1,0.63234836,0.43086240,0.20148597,0.69166667,0.58333333,0.10833333
mechanism_hiddenness,3,2,0.59487820,0.44442823,0.15044997,0.65625000,0.59583333,0.06041667
mechanism_hiddenness,3,3,0.65118018,0.46026429,0.19091590,0.71041667,0.61041667,0.10000000
mechanism_hiddenness,3,4,0.62155777,0.45871120,0.16284657,0.67916667,0.61041667,0.06875000
mechanism_hiddenness,3,5,0.57828367,0.43569418,0.14258948,0.63958333,0.58958333,0.05000000
mechanism_hiddenness,3,6,0.63806071,0.41788504,0.22017567,0.69583333,0.57291667,0.12291667
mechanism_hiddenness,3,7,0.61642551,0.50149008,0.11493543,0.67708333,0.64791667,0.02916667
mechanism_hiddenness,3,8,0.61072303,0.43549080,0.17523224,0.67291667,0.58750000,0.08541667
mechanism_hiddenness,3,9,0.59696700,0.49687288,0.10009413,0.66041667,0.64583333,0.01458333
mechanism_hiddenness,4,0,0.61571528,0.39674230,0.21897298,0.67916667,0.55625000,0.12291667
mechanism_hiddenness,4,1,0.60940398,0.43624193,0.17316205,0.67291667,0.59166667,0.08125000
mechanism_hiddenness,4,2,0.67522592,0.40927069,0.26595523,0.73541667,0.56666667,0.16875000
mechanism_hiddenness,4,3,0.61931184,0.39933534,0.21997650,0.68125000,0.55833333,0.12291667
mechanism_hiddenness,4,4,0.62174268,0.42528225,0.19646043,0.68333333,0.58333333,0.10000000
mechanism_hiddenness,4,5,0.63478142,0.43418071,0.20060071,0.69583333,0.59166667,0.10416667
mechanism_hiddenness,4,6,0.59927216,0.44952031,0.14975184,0.66458333,0.60416667,0.06041667
mechanism_hiddenness,4,7,0.52706482,0.48739660,0.03966822,0.59791667,0.63958333,-0.04166667
mechanism_hiddenness,4,8,0.63374911,0.45752771,0.17622140,0.69791667,0.61250000,0.08541667
mechanism_hiddenness,4,9,0.61694164,0.45462255,0.16231909,0.68125000,0.61041667,0.07083333
mechanism_hiddenness,5,0,0.64173482,0.41915310,0.22258173,0.70625000,0.57916667,0.12708333
mechanism_hiddenness,5,1,0.58261715,0.44782269,0.13479446,0.65208333,0.60625000,0.04583333
mechanism_hiddenness,5,2,0.62493509,0.42515097,0.19978412,0.68958333,0.58541667,0.10416667
mechanism_hiddenness,5,3,0.63849409,0.40082129,0.23767280,0.70208333,0.56458333,0.13750000
mechanism_hiddenness,5,4,0.62259960,0.47940961,0.14318999,0.68750000,0.63750000,0.05000000
mechanism_hiddenness,5,5,0.60044413,0.43688275,0.16356139,0.66875000,0.59583333,0.07291667
mechanism_hiddenness,5,6,0.57274946,0.38795933,0.18479013,0.64375000,0.55000000,0.09375000
mechanism_hiddenness,5,7,0.65495179,0.41543665,0.23951514,0.72083333,0.57708333,0.14375000
mechanism_hiddenness,5,8,0.62256489,0.41030586,0.21225903,0.68958333,0.57291667,0.11666667
mechanism_hiddenness,5,9,0.60833834,0.42195021,0.18638813,0.67500000,0.58333333,0.09166667
mechanism_hiddenness,6,0,0.61049673,0.40283398,0.20766274,0.68125000,0.56875000,0.11250000
mechanism_hiddenness,6,1,0.58888012,0.41696467,0.17191546,0.66041667,0.58125000,0.07916667
mechanism_hiddenness,6,2,0.65027397,0.43714766,0.21312631,0.71666667,0.60208333,0.11458333
mechanism_hiddenness,6,3,0.63489974,0.44643719,0.18846255,0.70208333,0.61041667,0.09166667
mechanism_hiddenness,6,4,0.58381105,0.40957873,0.17423232,0.65625000,0.57500000,0.08125000
mechanism_hiddenness,6,5,0.59840341,0.40870626,0.18969714,0.67083333,0.57291667,0.09791667
mechanism_hiddenness,6,6,0.62558233,0.40057345,0.22500888,0.69583333,0.56666667,0.12916667
mechanism_hiddenness,6,7,0.58470882,0.42634540,0.15836343,0.65833333,0.59166667,0.06666667
mechanism_hiddenness,6,8,0.62679512,0.37562399,0.25117114,0.69583333,0.54375000,0.15208333
mechanism_hiddenness,6,9,0.56850186,0.46091063,0.10759124,0.64166667,0.62500000,0.01666667
mechanism_hiddenness,7,0,0.58428818,0.40603247,0.17825570,0.66041667,0.57500000,0.08541667
mechanism_hiddenness,7,1,0.57577442,0.38444869,0.19132573,0.65000000,0.55625000,0.09375000
mechanism_hiddenness,7,2,0.57820525,0.36143167,0.21677358,0.65208333,0.53541667,0.11666667
mechanism_hiddenness,7,3,0.60785679,0.40842202,0.19943476,0.68125000,0.57916667,0.10208333
mechanism_hiddenness,7,4,0.59289848,0.42722756,0.16567092,0.66875000,0.59375000,0.07500000
mechanism_hiddenness,7,5,0.57829348,0.37903335,0.19926013,0.65625000,0.55000000,0.10625000
mechanism_hiddenness,7,6,0.57030137,0.36696953,0.20333184,0.64791667,0.53958333,0.10833333
mechanism_hiddenness,7,7,0.60678872,0.40972472,0.19706400,0.68125000,0.57916667,0.10208333
mechanism_hiddenness,7,8,0.56077131,0.40376039,0.15701091,0.63750000,0.57500000,0.06250000
mechanism_hiddenness,7,9,0.59028625,0.38503484,0.20525141,0.66458333,0.55625000,0.10833333
mechanism_hiddenness,8,0,0.60246172,0.37848803,0.22397369,0.67916667,0.55416667,0.12500000
mechanism_hiddenness,8,1,0.57373369,0.34434284,0.22939085,0.65208333,0.52291667,0.12916667
mechanism_hiddenness,8,2,0.54003413,0.38885143,0.15118270,0.62083333,0.56458333,0.05625000
mechanism_hiddenness,8,3,0.56461697,0.36858090,0.19603606,0.64583333,0.54375000,0.10208333
mechanism_hiddenness,8,4,0.59478876,0.37084705,0.22394171,0.67500000,0.54583333,0.12916667
mechanism_hiddenness,8,5,0.58128886,0.40774716,0.17354169,0.66250000,0.58125000,0.08125000
mechanism_hiddenness,8,6,0.58793000,0.36478061,0.22314939,0.66666667,0.54166667,0.12500000
mechanism_hiddenness,8,7,0.56609040,0.38667156,0.17941884,0.64583333,0.56250000,0.08333333
mechanism_hiddenness,8,8,0.59316360,0.37186185,0.22130175,0.67083333,0.55000000,0.12083333
mechanism_hiddenness,8,9,0.56184207,0.40976790,0.15207417,0.64166667,0.58541667,0.05625000
mechanism_hiddenness,9,0,0.55264933,0.36662018,0.18602915,0.63541667,0.54791667,0.08750000
mechanism_hiddenness,9,1,0.56346244,0.34282936,0.22063308,0.64583333,0.52500000,0.12083333
mechanism_hiddenness,9,2,0.59472218,0.40268164,0.19204054,0.67708333,0.57916667,0.09791667
mechanism_hiddenness,9,3,0.57147877,0.40272215,0.16875662,0.65625000,0.57916667,0.07708333
mechanism_hiddenness,9,4,0.58913773,0.42352257,0.16561516,0.67291667,0.60000000,0.07291667
mechanism_hiddenness,9,5,0.52781760,0.39613545,0.13168215,0.61458333,0.57500000,0.03958333
mechanism_hiddenness,9,6,0.52249358,0.39887726,0.12361632,0.60833333,0.57708333,0.03125000
mechanism_hiddenness,9,7,0.54982291,0.40151132,0.14831160,0.63333333,0.58125000,0.05208333
mechanism_hiddenness,9,8,0.55411152,0.36152020,0.19259131,0.63750000,0.54375000,0.09375000
mechanism_hiddenness,9,9,0.53372117,0.37488967,0.15883150,0.61875000,0.55416667,0.06458333
operator_bias,0,0,0.68068108,0.52136439,0.15931670,0.72083333,0.65208333,0.06875000
operator_bias,0,1,0.69613177,0.53781786,0.15831392,0.73333333,0.66458333,0.06875000
operator_bias,0,2,0.71019729,0.53343107,0.17676622,0.74583333,0.66041667,0.08541667
operator_bias,0,3,0.68942647,0.55223680,0.13718967,0.72708333,0.67916667,0.04791667
operator_bias,0,4,0.68161838,0.52191965,0.15969874,0.72083333,0.65208333,0.06875000
operator_bias,0,5,0.67847766,0.53333183,0.14514583,0.71875000,0.66250000,0.05625000
operator_bias,0,6,0.69339814,0.55472450,0.13867364,0.73333333,0.68333333,0.05000000
operator_bias,0,7,0.69446515,0.52793651,0.16652864,0.73333333,0.65833333,0.07500000
operator_bias,0,8,0.70297485,0.58962529,0.11334956,0.74166667,0.71458333,0.02708333
operator_bias,0,9,0.72023217,0.56202460,0.15820757,0.75625000,0.68750000,0.06875000
operator_bias,1,0,0.65109711,0.51467063,0.13642648,0.69791667,0.65000000,0.04791667
operator_bias,1,1,0.68312661,0.56826463,0.11486198,0.72500000,0.69791667,0.02708333
operator_bias,1,2,0.66458143,0.47133744,0.19324399,0.70833333,0.60833333,0.10000000
operator_bias,1,3,0.67457840,0.55675321,0.11782519,0.71875000,0.68958333,0.02916667
operator_bias,1,4,0.66253515,0.53478090,0.12775425,0.70833333,0.66875000,0.03958333
operator_bias,1,5,0.69028917,0.50720963,0.18307953,0.73541667,0.64375000,0.09166667
operator_bias,1,6,0.70300460,0.48871587,0.21428873,0.74583333,0.62708333,0.11875000
operator_bias,1,7,0.66255037,0.53189523,0.13065514,0.70833333,0.66666667,0.04166667
operator_bias,1,8,0.67849504,0.50783283,0.17066221,0.72291667,0.64166667,0.08125000
operator_bias,1,9,0.64943911,0.50513573,0.14430339,0.69583333,0.63958333,0.05625000
operator_bias,2,0,0.66665385,0.52297540,0.14367845,0.71458333,0.66041667,0.05416667
operator_bias,2,1,0.62061866,0.47868701,0.14193165,0.67291667,0.62083333,0.05208333
operator_bias,2,2,0.64052667,0.45582314,0.18470353,0.69166667,0.60000000,0.09166667
operator_bias,2,3,0.63323884,0.48834398,0.14489486,0.68541667,0.63125000,0.05416667
operator_bias,2,4,0.64541342,0.52868940,0.11672402,0.69791667,0.66875000,0.02916667
operator_bias,2,5,0.68008104,0.51081307,0.16926797,0.72916667,0.65208333,0.07708333
operator_bias,2,6,0.70286612,0.48660599,0.21626012,0.75000000,0.62916667,0.12083333
operator_bias,2,7,0.65364999,0.48679085,0.16685914,0.70416667,0.62916667,0.07500000
operator_bias,2,8,0.63794787,0.48624994,0.15169793,0.68958333,0.62708333,0.06250000
operator_bias,2,9,0.65902499,0.49852397,0.16050102,0.71041667,0.63958333,0.07083333
operator_bias,3,0,0.64028628,0.51797185,0.12231444,0.69583333,0.66250000,0.03333333
operator_bias,3,1,0.62903543,0.49510798,0.13392745,0.68541667,0.64166667,0.04375000
operator_bias,3,2,0.63510140,0.42695505,0.20814634,0.69166667,0.57916667,0.11250000
operator_bias,3,3,0.65147112,0.50736187,0.14410925,0.70833333,0.65416667,0.05416667
operator_bias,3,4,0.62525224,0.42323680,0.20201545,0.68333333,0.57500000,0.10833333
operator_bias,3,5,0.64348889,0.45637593,0.18711296,0.70000000,0.60625000,0.09375000
operator_bias,3,6,0.60474803,0.46820922,0.13653881,0.66458333,0.61666667,0.04791667
operator_bias,3,7,0.63313352,0.45401035,0.17912317,0.68958333,0.60208333,0.08750000
operator_bias,3,8,0.60276495,0.49107050,0.11169445,0.66250000,0.63750000,0.02500000
operator_bias,3,9,0.65580049,0.46766495,0.18813554,0.71041667,0.61458333,0.09583333
operator_bias,4,0,0.63980052,0.39195227,0.24784824,0.70000000,0.55000000,0.15000000
operator_bias,4,1,0.62361015,0.41505032,0.20855983,0.68541667,0.57291667,0.11250000
operator_bias,4,2,0.61327227,0.49100587,0.12226640,0.67708333,0.64375000,0.03333333
operator_bias,4,3,0.63379170,0.43895264,0.19483906,0.69583333,0.59583333,0.10000000
operator_bias,4,4,0.60032652,0.45222605,0.14810047,0.66458333,0.60833333,0.05625000
operator_bias,4,5,0.62219002,0.43156639,0.19062363,0.68541667,0.58750000,0.09791667
operator_bias,4,6,0.67060621,0.42844767,0.24215855,0.72916667,0.58333333,0.14583333
operator_bias,4,7,0.67139650,0.45690943,0.21448707,0.73125000,0.61041667,0.12083333
operator_bias,4,8,0.67101684,0.44018078,0.23083606,0.72916667,0.59375000,0.13541667
operator_bias,4,9,0.64915808,0.40841438,0.24074370,0.70833333,0.56458333,0.14375000
operator_bias,5,0,0.58043978,0.37421235,0.20622743,0.65000000,0.53958333,0.11041667
operator_bias,5,1,0.58842723,0.39897834,0.18944889,0.65833333,0.56250000,0.09583333
operator_bias,5,2,0.61840688,0.40924284,0.20916404,0.68750000,0.57291667,0.11458333
operator_bias,5,3,0.62221978,0.42413358,0.19808620,0.68958333,0.58750000,0.10208333
operator_bias,5,4,0.57063738,0.34045183,0.23018554,0.64166667,0.50833333,0.13333333
operator_bias,5,5,0.57322824,0.36090210,0.21232615,0.64375000,0.52500000,0.11875000
operator_bias,5,6,0.57978246,0.35597936,0.22380309,0.65000000,0.52083333,0.12916667
operator_bias,5,7,0.60714375,0.42473776,0.18240600,0.67500000,0.58541667,0.08958333
operator_bias,5,8,0.59315417,0.41379445,0.17935972,0.66041667,0.57500000,0.08541667
operator_bias,5,9,0.58504192,0.41676462,0.16827730,0.65416667,0.57916667,0.07500000
operator_bias,6,0,0.55913092,0.38370028,0.17543063,0.63541667,0.55416667,0.08125000
operator_bias,6,1,0.52456720,0.39956374,0.12500346,0.60416667,0.56875000,0.03541667
operator_bias,6,2,0.52807595,0.35720544,0.17087051,0.60625000,0.52916667,0.07708333
operator_bias,6,3,0.58201989,0.39309046,0.18892943,0.65625000,0.56250000,0.09375000
operator_bias,6,4,0.54838320,0.35766519,0.19071801,0.62500000,0.52916667,0.09583333
operator_bias,6,5,0.61725514,0.42611891,0.19113623,0.68958333,0.59166667,0.09791667
operator_bias,6,6,0.59381959,0.39833154,0.19548806,0.66875000,0.56666667,0.10208333
operator_bias,6,7,0.60562463,0.39298718,0.21263745,0.67708333,0.56041667,0.11666667
operator_bias,6,8,0.55574561,0.38037792,0.17536769,0.63125000,0.55000000,0.08125000
operator_bias,6,9,0.60027134,0.35125304,0.24901830,0.67291667,0.52291667,0.15000000
operator_bias,7,0,0.58181446,0.36710804,0.21470642,0.66250000,0.54375000,0.11875000
operator_bias,7,1,0.54116384,0.31191620,0.22924764,0.62291667,0.49166667,0.13125000
operator_bias,7,2,0.55602716,0.28718887,0.26883830,0.63750000,0.46875000,0.16875000
operator_bias,7,3,0.59963474,0.30569906,0.29393569,0.67916667,0.48541667,0.19375000
operator_bias,7,4,0.55902560,0.36464194,0.19438366,0.63958333,0.53958333,0.10000000
operator_bias,7,5,0.54868772,0.29740147,0.25128625,0.63125000,0.47708333,0.15416667
operator_bias,7,6,0.55053370,0.38082632,0.16970738,0.63125000,0.55416667,0.07708333
operator_bias,7,7,0.53980310,0.34905992,0.19074318,0.62083333,0.52500000,0.09583333
operator_bias,7,8,0.53417262,0.39157123,0.14260139,0.61666667,0.56666667,0.05000000
operator_bias,7,9,0.56224535,0.31850853,0.24373682,0.64375000,0.49791667,0.14583333
operator_bias,8,0,0.56190941,0.29869881,0.26321060,0.64791667,0.48541667,0.16250000
operator_bias,8,1,0.55515183,0.29194152,0.26321031,0.64166667,0.47916667,0.16250000
operator_bias,8,2,0.55030773,0.30466636,0.24564137,0.63750000,0.48958333,0.14791667
operator_bias,8,3,0.55421125,0.35273720,0.20147405,0.63958333,0.53333333,0.10625000
operator_bias,8,4,0.56167844,0.36561954,0.19605891,0.64791667,0.54583333,0.10208333
operator_bias,8,5,0.53236555,0.29325005,0.23911550,0.61875000,0.47708333,0.14166667
operator_bias,8,6,0.55501946,0.31044758,0.24457187,0.63958333,0.49375000,0.14583333
operator_bias,8,7,0.57832221,0.30622060,0.27210161,0.66250000,0.49166667,0.17083333
operator_bias,8,8,0.53356647,0.33838009,0.19518638,0.62083333,0.52083333,0.10000000
operator_bias,8,9,0.53488701,0.28457174,0.25031527,0.62291667,0.47291667,0.15000000
operator_bias,9,0,0.51917862,0.29055665,0.22862197,0.61250000,0.48333333,0.12916667
operator_bias,9,1,0.53881648,0.27809517,0.26072132,0.63125000,0.47083333,0.16041667
operator_bias,9,2,0.56143805,0.32525304,0.23618502,0.65208333,0.51250000,0.13958333
operator_bias,9,3,0.50122326,0.26468947,0.23653380,0.59583333,0.45625000,0.13958333
operator_bias,9,4,0.54090501,0.28670956,0.25419545,0.63125000,0.47708333,0.15416667
operator_bias,9,5,0.49456428,0.27354062,0.22102366,0.58750000,0.46458333,0.12291667
operator_bias,9,6,0.55322103,0.28318769,0.27003334,0.64375000,0.47500000,0.16875000
operator_bias,9,7,0.56436226,0.31979846,0.24456380,0.65416667,0.50833333,0.14583333
operator_bias,9,8,0.50221739,0.29492334,0.20729404,0.59791667,0.48750000,0.11041667
operator_bias,9,9,0.56349340,0.31628659,0.24720681,0.65208333,0.50625000,0.14583333
spurious_strength,0,0,0.67163236,0.48345053,0.18818184,0.71666667,0.62291667,0.09375000
spurious_strength,0,1,0.62856408,0.47443559,0.15412849,0.67708333,0.61458333,0.06250000
spurious_strength,0,2,0.62803895,0.51836621,0.10967274,0.67708333,0.65416667,0.02291667
spurious_strength,0,3,0.65818441,0.46391961,0.19426479,0.70416667,0.60208333,0.10208333
spurious_strength,0,4,0.63337364,0.50960331,0.12377034,0.68125000,0.64375000,0.03750000
spurious_strength,0,5,0.65850759,0.49927571,0.15923188,0.70625000,0.63541667,0.07083333
spurious_strength,0,6,0.67040207,0.47245571,0.19794636,0.71666667,0.61041667,0.10625000
spurious_strength,0,7,0.66059790,0.47636091,0.18423699,0.70833333,0.61458333,0.09375000
spurious_strength,0,8,0.65715191,0.53167179,0.12548012,0.70625000,0.66666667,0.03958333
spurious_strength,0,9,0.62309049,0.48523096,0.13785953,0.67291667,0.62291667,0.05000000
spurious_strength,1,0,0.62279867,0.44600036,0.17679831,0.67500000,0.59166667,0.08333333
spurious_strength,1,1,0.66875571,0.45985006,0.20890566,0.71875000,0.60416667,0.11458333
spurious_strength,1,2,0.70241629,0.45436739,0.24804889,0.75000000,0.59791667,0.15208333
spurious_strength,1,3,0.62983386,0.49007060,0.13976326,0.68125000,0.62916667,0.05208333
spurious_strength,1,4,0.65941908,0.49309681,0.16632227,0.71041667,0.63333333,0.07708333
spurious_strength,1,5,0.68129404,0.48722048,0.19407356,0.73125000,0.62916667,0.10208333
spurious_strength,1,6,0.64592996,0.50387979,0.14205017,0.69791667,0.64375000,0.05416667
spurious_strength,1,7,0.66028904,0.46198288,0.19830615,0.71250000,0.60625000,0.10625000
spurious_strength,1,8,0.66155845,0.48795459,0.17360385,0.71458333,0.62916667,0.08541667
spurious_strength,1,9,0.65535231,0.44869377,0.20665854,0.70625000,0.59375000,0.11250000
spurious_strength,2,0,0.63850833,0.48230024,0.15620810,0.69375000,0.62916667,0.06458333
spurious_strength,2,1,0.63536650,0.50029104,0.13507546,0.69166667,0.64583333,0.04583333
spurious_strength,2,2,0.64740273,0.50054909,0.14685365,0.70208333,0.64375000,0.05833333
spurious_strength,2,3,0.66033057,0.44017961,0.22015096,0.71458333,0.58750000,0.12708333
spurious_strength,2,4,0.62433906,0.45210835,0.17223071,0.68125000,0.60000000,0.08125000
spurious_strength,2,5,0.66242088,0.44873695,0.21368392,0.71666667,0.59583333,0.12083333
spurious_strength,2,6,0.63201116,0.47422648,0.15778469,0.68958333,0.62083333,0.06875000
spurious_strength,2,7,0.67137247,0.45898910,0.21238336,0.72708333,0.60625000,0.12083333
spurious_strength,2,8,0.65848943,0.43583797,0.22265146,0.71250000,0.58541667,0.12708333
spurious_strength,2,9,0.62161840,0.48675015,0.13486825,0.67708333,0.63333333,0.04375000
spurious_strength,3,0,0.60066785,0.44524537,0.15542248,0.66250000,0.59791667,0.06458333
spurious_strength,3,1,0.63941169,0.44985752,0.18955417,0.69791667,0.60000000,0.09791667
spurious_strength,3,2,0.63401420,0.41842127,0.21559292,0.69375000,0.57083333,0.12291667
spurious_strength,3,3,0.62757335,0.45038071,0.17719264,0.68750000,0.60208333,0.08541667
spurious_strength,3,4,0.61601922,0.45026831,0.16575091,0.67708333,0.60208333,0.07500000
spurious_strength,3,5,0.62179448,0.45417351,0.16762097,0.68333333,0.60625000,0.07708333
spurious_strength,3,6,0.64505610,0.43500514,0.21005096,0.70625000,0.58750000,0.11875000
spurious_strength,3,7,0.58873834,0.40072583,0.18801251,0.65208333,0.55625000,0.09583333
spurious_strength,3,8,0.59085076,0.39377155,0.19707921,0.65208333,0.55000000,0.10208333
spurious_strength,3,9,0.61018137,0.44960413,0.16057723,0.67083333,0.60208333,0.06875000
spurious_strength,4,0,0.60471304,0.40884571,0.19586733,0.66875000,0.56666667,0.10208333
spurious_strength,4,1,0.59103045,0.43449870,0.15653174,0.65625000,0.58958333,0.06666667
spurious_strength,4,2,0.61171313,0.43307364,0.17863949,0.67708333,0.58958333,0.08750000
spurious_strength,4,3,0.61470507,0.42850997,0.18619510,0.67916667,0.58541667,0.09375000
spurious_strength,4,4,0.62938287,0.44576898,0.18361389,0.69375000,0.60208333,0.09166667
spurious_strength,4,5,0.63038815,0.40982889,0.22055926,0.69583333,0.56875000,0.12708333
spurious_strength,4,6,0.56961913,0.39899820,0.17062093,0.63750000,0.55833333,0.07916667
spurious_strength,4,7,0.63657959,0.42765405,0.20892554,0.70000000,0.58541667,0.11458333
spurious_strength,4,8,0.60441596,0.42976728,0.17464868,0.66875000,0.58750000,0.08125000
spurious_strength,4,9,0.64782603,0.43103096,0.21679506,0.70833333,0.58958333,0.11875000
spurious_strength,5,0,0.56745997,0.38380714,0.18365283,0.63750000,0.54583333,0.09166667
spurious_strength,5,1,0.59259392,0.37570518,0.21688874,0.66250000,0.53958333,0.12291667
spurious_strength,5,2,0.61339093,0.39653645,0.21685448,0.68125000,0.56041667,0.12083333
spurious_strength,5,3,0.63919689,0.41257832,0.22661857,0.70625000,0.57500000,0.13125000
spurious_strength,5,4,0.62017147,0.35349378,0.26667769,0.68958333,0.52083333,0.16875000
spurious_strength,5,5,0.59028202,0.38169113,0.20859089,0.66250000,0.54583333,0.11666667
spurious_strength,5,6,0.62191165,0.39139423,0.23051741,0.68958333,0.55625000,0.13333333
spurious_strength,5,7,0.59171752,0.39465515,0.19706237,0.66041667,0.55833333,0.10208333
spurious_strength,5,8,0.65511026,0.41579057,0.23931969,0.71875000,0.57916667,0.13958333
spurious_strength,5,9,0.62774259,0.41949600,0.20824659,0.69375000,0.58333333,0.11041667
spurious_strength,6,0,0.64469497,0.36952627,0.27516870,0.71458333,0.53750000,0.17708333
spurious_strength,6,1,0.60425220,0.39035755,0.21389465,0.67708333,0.55833333,0.11875000
spurious_strength,6,2,0.58669318,0.39366305,0.19303013,0.66041667,0.56041667,0.10000000
spurious_strength,6,3,0.58769846,0.33680414,0.25089432,0.66250000,0.50833333,0.15416667
spurious_strength,6,4,0.59119351,0.43445664,0.15673686,0.66666667,0.60000000,0.06666667
spurious_strength,6,5,0.60279243,0.36073336,0.24205907,0.67500000,0.53125000,0.14375000
spurious_strength,6,6,0.55479324,0.36844554,0.18634769,0.62916667,0.53750000,0.09166667
spurious_strength,6,7,0.57030000,0.41406294,0.15623707,0.64375000,0.58125000,0.06250000
spurious_strength,6,8,0.59526958,0.38608923,0.20918034,0.66666667,0.55625000,0.11041667
spurious_strength,6,9,0.61958772,0.42405272,0.19553500,0.68958333,0.59166667,0.09791667
spurious_strength,7,0,0.55852256,0.31518401,0.24333854,0.63750000,0.49166667,0.14583333
spurious_strength,7,1,0.58035292,0.32619977,0.25415315,0.65833333,0.50208333,0.15625000
spurious_strength,7,2,0.54829242,0.41022778,0.13806464,0.62916667,0.58125000,0.04791667
spurious_strength,7,3,0.56094613,0.35322364,0.20772249,0.64166667,0.52708333,0.11458333
spurious_strength,7,4,0.53971824,0.36568263,0.17403561,0.62083333,0.53958333,0.08125000
spurious_strength,7,5,0.55347909,0.37875905,0.17472004,0.63125000,0.55208333,0.07916667
spurious_strength,7,6,0.56116127,0.35446883,0.20669244,0.63958333,0.52916667,0.11041667
spurious_strength,7,7,0.58924804,0.34652583,0.24272221,0.66458333,0.52291667,0.14166667
spurious_strength,7,8,0.56040711,0.37232863,0.18807848,0.63750000,0.54791667,0.08958333
spurious_strength,7,9,0.55325311,0.34196950,0.21128361,0.63125000,0.51875000,0.11250000
spurious_strength,8,0,0.58571568,0.34672847,0.23898720,0.66666667,0.52500000,0.14166667
spurious_strength,8,1,0.57591151,0.34173114,0.23418036,0.65833333,0.52083333,0.13750000
spurious_strength,8,2,0.59472186,0.32701403,0.26770782,0.67708333,0.50625000,0.17083333
spurious_strength,8,3,0.56511170,0.35505246,0.21005924,0.64791667,0.53333333,0.11458333
spurious_strength,8,4,0.55417499,0.34142128,0.21275371,0.63750000,0.52083333,0.11666667
spurious_strength,8,5,0.55539586,0.35021141,0.20518445,0.63750000,0.52916667,0.10833333
spurious_strength,8,6,0.54984200,0.31809060,0.23175140,0.63125000,0.50000000,0.13125000
spurious_strength,8,7,0.58448791,0.37505226,0.20943564,0.66458333,0.55416667,0.11041667
spurious_strength,8,8,0.56843137,0.36249819,0.20593318,0.65000000,0.54166667,0.10833333
spurious_strength,8,9,0.57848273,0.36360292,0.21487982,0.65833333,0.54375000,0.11458333
spurious_strength,9,0,0.55011540,0.34860189,0.20151351,0.63750000,0.53125000,0.10625000
spurious_strength,9,1,0.56224884,0.35628635,0.20596250,0.65000000,0.53958333,0.11041667
spurious_strength,9,2,0.53903629,0.29545836,0.24357793,0.62916667,0.48125000,0.14791667
spurious_strength,9,3,0.50834818,0.35189977,0.15644842,0.59791667,0.53541667,0.06250000
spurious_strength,9,4,0.58053319,0.35738631,0.22314688,0.66458333,0.53958333,0.12500000
spurious_strength,9,5,0.54377243,0.34958850,0.19418393,0.62916667,0.53333333,0.09583333
spurious_strength,9,6,0.53866109,0.28429930,0.25436180,0.62500000,0.47291667,0.15208333
spurious_strength,9,7,0.52322199,0.33509632,0.18812567,0.61041667,0.52083333,0.08958333
spurious_strength,9,8,0.53043029,0.33961895,0.19081134,0.61666667,0.52500000,0.09166667
spurious_strength,9,9,0.54391581,0.34871323,0.19520258,0.63125000,0.53333333,0.09791667
tail_rarity,0,0,0.63145374,0.49497901,0.13647473,0.68125000,0.63333333,0.04791667
tail_rarity,0,1,0.65348757,0.49439204,0.15909553,0.70208333,0.63333333,0.06875000
tail_rarity,0,2,0.62387541,0.46662524,0.15725018,0.67291667,0.60833333,0.06458333
tail_rarity,0,3,0.63161930,0.47481222,0.15680708,0.68125000,0.61458333,0.06666667
tail_rarity,0,4,0.67391854,0.46700667,0.20691187,0.71875000,0.60625000,0.11250000
tail_rarity,0,5,0.67613320,0.54058564,0.13554756,0.72083333,0.67500000,0.04583333
tail_rarity,0,6,0.66130748,0.44466773,0.21663974,0.70833333,0.58541667,0.12291667
tail_rarity,0,7,0.64586063,0.49351100,0.15234963,0.69166667,0.62708333,0.06458333
tail_rarity,0,8,0.66831039,0.47879385,0.18951655,0.71458333,0.61458333,0.10000000
tail_rarity,0,9,0.66984045,0.46526897,0.20457148,0.71458333,0.60208333,0.11250000
tail_rarity,1,0,0.64499455,0.49413193,0.15086262,0.69791667,0.63750000,0.06041667
tail_rarity,1,1,0.61931339,0.43991365,0.17939974,0.67291667,0.58750000,0.08541667
tail_rarity,1,2,0.65205950,0.40294017,0.24911934,0.70416667,0.55416667,0.15000000
tail_rarity,1,3,0.65179241,0.46362937,0.18816304,0.70416667,0.60833333,0.09583333
tail_rarity,1,4,0.69542573,0.47009060,0.22533513,0.74375000,0.61458333,0.12916667
tail_rarity,1,5,0.62165559,0.51251070,0.10914488,0.67500000,0.65416667,0.02083333
tail_rarity,1,6,0.62492678,0.48622181,0.13870497,0.67708333,0.62500000,0.05208333
tail_rarity,1,7,0.71100693,0.48101550,0.22999144,0.75833333,0.62083333,0.13750000
tail_rarity,1,8,0.66331693,0.48307005,0.18024688,0.71250000,0.62291667,0.08958333
tail_rarity,1,9,0.63980478,0.48668822,0.15311656,0.69166667,0.62708333,0.06458333
tail_rarity,2,0,0.65795138,0.43292862,0.22502276,0.71458333,0.58541667,0.12916667
tail_rarity,2,1,0.61882838,0.43854632,0.18028207,0.67708333,0.59166667,0.08541667
tail_rarity,2,2,0.64107375,0.43337950,0.20769425,0.69791667,0.58541667,0.11250000
tail_rarity,2,3,0.63326137,0.46563535,0.16762603,0.68958333,0.61458333,0.07500000
tail_rarity,2,4,0.64654706,0.49247602,0.15407104,0.70208333,0.63958333,0.06250000
tail_rarity,2,5,0.63423882,0.46932574,0.16491308,0.68958333,0.61458333,0.07500000
tail_rarity,2,6,0.62684237,0.47656025,0.15028213,0.68333333,0.62083333,0.06250000
tail_rarity,2,7,0.58360364,0.47519689,0.10840674,0.64166667,0.62083333,0.02083333
tail_rarity,2,8,0.62634022,0.45775100,0.16858922,0.68333333,0.60416667,0.07916667
tail_rarity,2,9,0.63441798,0.49138035,0.14303763,0.68958333,0.63750000,0.05208333
tail_rarity,3,0,0.64371986,0.43854233,0.20517752,0.70416667,0.59583333,0.10833333
tail_rarity,3,1,0.62812946,0.44450368,0.18362578,0.68958333,0.60000000,0.08958333
tail_rarity,3,2,0.64925032,0.47898517,0.17026515,0.70833333,0.63125000,0.07708333
tail_rarity,3,3,0.60663904,0.42570304,0.18093600,0.66875000,0.58125000,0.08750000
tail_rarity,3,4,0.64668948,0.43108632,0.21560316,0.70625000,0.58541667,0.12083333
tail_rarity,3,5,0.66508765,0.46765373,0.19743392,0.72291667,0.61666667,0.10625000
tail_rarity,3,6,0.64736423,0.47741854,0.16994569,0.70625000,0.62708333,0.07916667
tail_rarity,3,7,0.65123170,0.45214807,0.19908363,0.71041667,0.60416667,0.10625000
tail_rarity,3,8,0.62700290,0.46244313,0.16455977,0.68750000,0.61458333,0.07291667
tail_rarity,3,9,0.63118707,0.48778738,0.14339969,0.69166667,0.63958333,0.05208333
tail_rarity,4,0,0.62071438,0.43062564,0.19008874,0.68750000,0.59166667,0.09583333
tail_rarity,4,1,0.62740349,0.45449922,0.17290427,0.69166667,0.61250000,0.07916667
tail_rarity,4,2,0.61403872,0.46576046,0.14827827,0.67916667,0.62291667,0.05625000
tail_rarity,4,3,0.62369497,0.38542198,0.23827298,0.68958333,0.54791667,0.14166667
tail_rarity,4,4,0.67279148,0.46319848,0.20959300,0.73333333,0.61666667,0.11666667
tail_rarity,4,5,0.63960041,0.41732246,0.22227795,0.70416667,0.57500000,0.12916667
tail_rarity,4,6,0.63667920,0.41270011,0.22397909,0.70000000,0.57083333,0.12916667
tail_rarity,4,7,0.58620332,0.42905465,0.15714867,0.65416667,0.58750000,0.06666667
tail_rarity,4,8,0.60711461,0.46107580,0.14603882,0.67291667,0.61875000,0.05416667
tail_rarity,4,9,0.58587612,0.40303825,0.18283787,0.65416667,0.56458333,0.08958333
tail_rarity,5,0,0.64756440,0.42886558,0.21869881,0.71666667,0.59375000,0.12291667
tail_rarity,5,1,0.64668505,0.43310118,0.21358387,0.71458333,0.59791667,0.11666667
tail_rarity,5,2,0.63745827,0.42325377,0.21420451,0.70625000,0.58750000,0.11875000
tail_rarity,5,3,0.61847314,0.37578650,0.24268664,0.68750000,0.53958333,0.14791667
tail_rarity,5,4,0.62220485,0.39951341,0.22269144,0.69166667,0.56250000,0.12916667
tail_rarity,5,5,0.65686328,0.44488836,0.21197492,0.72291667,0.60625000,0.11666667
tail_rarity,5,6,0.65338183,0.47418077,0.17920107,0.72083333,0.63333333,0.08750000
tail_rarity,5,7,0.59417032,0.41433351,0.17983681,0.66458333,0.57916667,0.08541667
tail_rarity,5,8,0.58406000,0.40851889,0.17554110,0.65625000,0.57500000,0.08125000
tail_rarity,5,9,0.59657387,0.38795581,0.20861805,0.66875000,0.55625000,0.11250000
tail_rarity,6,0,0.58229506,0.40416396,0.17813110,0.65833333,0.57500000,0.08333333
tail_rarity,6,1,0.59780638,0.39984577,0.19796061,0.67291667,0.57083333,0.10208333
tail_rarity,6,2,0.57659561,0.44660310,0.12999251,0.65208333,0.61250000,0.03958333
tail_rarity,6,3,0.61148620,0.39060690,0.22087930,0.68541667,0.55833333,0.12708333
tail_rarity,6,4,0.60489095,0.45601254,0.14887841,0.67916667,0.62083333,0.05833333
tail_rarity,6,5,0.57982518,0.40518215,0.17464303,0.65625000,0.57291667,0.08333333
tail_rarity,6,6,0.57900040,0.38762193,0.19137846,0.65416667,0.55833333,0.09583333
tail_rarity,6,7,0.60703911,0.43967378,0.16736534,0.68125000,0.60833333,0.07291667
tail_rarity,6,8,0.59475774,0.41082559,0.18393215,0.67083333,0.58125000,0.08958333
tail_rarity,6,9,0.57408865,0.40264101,0.17144764,0.65208333,0.57500000,0.07708333
tail_rarity,7,0,0.58683159,0.42654939,0.16028221,0.66666667,0.60000000,0.06666667
tail_rarity,7,1,0.58682063,0.41635323,0.17046740,0.66666667,0.58958333,0.07708333
tail_rarity,7,2,0.59631627,0.37724911,0.21906715,0.67500000,0.55000000,0.12500000
tail_rarity,7,3,0.60307482,0.40481899,0.19825583,0.68125000,0.57708333,0.10416667
tail_rarity,7,4,0.56465525,0.41515865,0.14949660,0.64583333,0.58750000,0.05833333
tail_rarity,7,5,0.61609799,0.37871542,0.23738257,0.69375000,0.55416667,0.13958333
tail_rarity,7,6,0.60470273,0.43076726,0.17393547,0.68333333,0.60416667,0.07916667
tail_rarity,7,7,0.57130271,0.37495535,0.19634736,0.65208333,0.55208333,0.10000000
tail_rarity,7,8,0.58340069,0.37147816,0.21192253,0.66458333,0.55000000,0.11458333
tail_rarity,7,9,0.62872422,0.37772702,0.25099720,0.70833333,0.55416667,0.15416667
tail_rarity,8,0,0.55937485,0.40852467,0.15085019,0.64583333,0.58750000,0.05833333
tail_rarity,8,1,0.56840997,0.42590491,0.14250506,0.65208333,0.60000000,0.05208333
tail_rarity,8,2,0.59308537,0.36920488,0.22388049,0.67708333,0.54791667,0.12916667
tail_rarity,8,3,0.61019486,0.37348506,0.23670979,0.69166667,0.55208333,0.13958333
tail_rarity,8,4,0.55304208,0.40541903,0.14762304,0.63958333,0.58333333,0.05625000
tail_rarity,8,5,0.61846603,0.36621991,0.25224612,0.70000000,0.54791667,0.15208333
tail_rarity,8,6,0.58387374,0.35492067,0.22895308,0.66875000,0.53750000,0.13125000
tail_rarity,8,7,0.56968001,0.40184667,0.16783335,0.65625000,0.58333333,0.07291667
tail_rarity,8,8,0.60020049,0.42616671,0.17403378,0.68541667,0.60416667,0.08125000
tail_rarity,8,9,0.52220120,0.39664651,0.12555470,0.61250000,0.57708333,0.03541667
tail_rarity,9,0,0.59866569,0.35437651,0.24428918,0.68541667,0.53750000,0.14791667
tail_rarity,9,1,0.57568981,0.38700596,0.18868385,0.66458333,0.56875000,0.09583333
tail_rarity,9,2,0.59031754,0.38119134,0.20912620,0.67708333,0.56458333,0.11250000
tail_rarity,9,3,0.57570792,0.36819671,0.20751120,0.66458333,0.55208333,0.11250000
tail_rarity,9,4,0.57658851,0.35286213,0.22372638,0.66458333,0.53958333,0.12500000
tail_rarity,9,5,0.55089875,0.42939594,0.12150281,0.64166667,0.61250000,0.02916667
tail_rarity,9,6,0.56786389,0.39770469,0.17015919,0.65833333,0.58333333,0.07500000
tail_rarity,9,7,0.54051790,0.39707057,0.14344733,0.63333333,0.58333333,0.05000000
tail_rarity,9,8,0.55376958,0.39219126,0.16157832,0.64583333,0.57708333,0.06875000
tail_rarity,9,9,0.54272306,0.37825049,0.16447257,0.63541667,0.56458333,0.07083333
